-- Adminer 4.1.0 MySQL dump

SET NAMES utf8;
SET time_zone = '+00:00';
SET foreign_key_checks = 0;
SET sql_mode = 'NO_AUTO_VALUE_ON_ZERO';

DROP TABLE IF EXISTS `Action`;
CREATE TABLE `Action` (
  `id` int(11) NOT NULL AUTO_INCREMENT,
  `name` varchar(63) COLLATE utf8_czech_ci DEFAULT NULL COMMENT 'Name of action was done in Log.',
  `type` varchar(15) COLLATE utf8_czech_ci NOT NULL COMMENT 'visit edit insert delete login',
  PRIMARY KEY (`id`)
) ENGINE=InnoDB DEFAULT CHARSET=utf8 COLLATE=utf8_czech_ci;

INSERT INTO `Action` (`id`, `name`, `type`) VALUES
(1, 'visit',  'read'),
(2, 'login',  'login');

DROP TABLE IF EXISTS `attachement`;
CREATE TABLE `attachement` (
  `id` int(11) NOT NULL AUTO_INCREMENT,
  `name` varchar(127) COLLATE utf8_czech_ci NOT NULL,
  `mimeType` varchar(255) COLLATE utf8_czech_ci NOT NULL,
  `extension` varchar(255) COLLATE utf8_czech_ci NOT NULL COMMENT 'Where is file locate in file system.',
  `topic_id` int(11) DEFAULT NULL,
  `user_id` int(11) DEFAULT NULL COMMENT 'Owner',
  `description` text COLLATE utf8_czech_ci,
  `created_at` timestamp NOT NULL DEFAULT CURRENT_TIMESTAMP ON UPDATE CURRENT_TIMESTAMP,
  PRIMARY KEY (`id`),
  KEY `user_id` (`user_id`),
  KEY `topic_id` (`topic_id`),
  CONSTRAINT `attachement_ibfk_1` FOREIGN KEY (`topic_id`) REFERENCES `Topic` (`id`) ON DELETE SET NULL ON UPDATE CASCADE,
  CONSTRAINT `attachement_ibfk_2` FOREIGN KEY (`user_id`) REFERENCES `User` (`id`) ON DELETE SET NULL ON UPDATE CASCADE
) ENGINE=InnoDB DEFAULT CHARSET=utf8 COLLATE=utf8_czech_ci;

INSERT INTO `attachement` (`id`, `name`, `mimeType`, `extension`, `topic_id`, `user_id`, `description`, `created_at`) VALUES
(9, 'pdf.png',  'image/png',  'png',  NULL, 2,  NULL, '2015-01-03 13:58:24'),
(12,  'pdf.png',  'image/png',  'png',  NULL, 2,  NULL, '2015-01-03 14:02:13'),
(14,  'pdf.png',  'image/png',  'png',  NULL, NULL, NULL, '2015-01-04 13:13:31'),
(16,  'pdf.png',  'image/png',  'png',  NULL, NULL, 'obrázek pdfka',  '2015-01-04 13:14:25'),
(33,  'thesis (kopie).pdf', 'application/pdf',  'pdf',  NULL, NULL, NULL, '2015-01-07 09:08:18'),
(36,  'thesis.pdf', 'application/pdf',  'pdf',  NULL, NULL, 'bakule', '2015-01-07 10:18:53'),
(38,  'thesis (kopie).pdf', 'application/pdf',  'pdf',  NULL, 28, NULL, '2015-01-19 15:05:06'),
(41,  'lpg - plyn.pptx',  'application/vnd.openxmlformats-officedocument.presentationml.presentation',  'pptx', NULL, 28, NULL, '2015-01-19 21:02:27'),
(42,  'Mat sta 2013.xlsx',  'application/vnd.openxmlformats-officedocument.spreadsheetml.sheet',  'xlsx', NULL, 28, NULL, '2015-01-19 21:02:27'),
(43,  'migrace.docx', 'application/pdf',  'docx', NULL, 28, NULL, '2015-01-19 21:02:27'),
(44,  'Osnova pro čtenářský deník.pdf', 'application/pdf',  'pdf',  41, 29, '', '2015-01-21 07:48:44'),
(45,  'Seznam četby pro 1. ročník.pdf', 'application/pdf',  'pdf',  42, 29, '', '2015-01-21 07:53:07'),
(46,  'Středověká literatura.pdf',  'application/pdf',  'pdf',  43, 29, '', '2015-01-21 07:55:11'),
(47,  'Osnova pro čtenářský deník.pdf', 'application/pdf',  'pdf',  44, 29, '', '2015-01-21 07:59:24'),
(48,  'Seznam četby 2. ročník.pdf', 'application/pdf',  'pdf',  45, 29, '', '2015-01-21 08:00:10'),
(49,  'Osnova pro čtenářský deník.pdf', 'application/pdf',  'pdf',  46, 29, '', '2015-01-21 08:02:54'),
(50,  'Osnova pro rozbor - Slezské písně.pdf',  'application/pdf',  'pdf',  47, 29, '', '2015-01-21 08:26:11'),
(51,  'bry-zkroceni.pdf', 'application/pdf',  'pdf',  48, 29, NULL, '2015-01-21 08:51:58'),
(52,  'bry-cjl4-rozmarneleto.pdf',  'application/pdf',  'pdf',  48, 29, NULL, '2015-01-21 08:51:58'),
(53,  'bry-cjl-krysar.pdf', 'application/pdf',  'pdf',  48, 29, NULL, '2015-01-21 08:51:58'),
(54,  'bry-cjl-kridelkujezlatopisem.pdf', 'application/pdf',  'pdf',  48, 29, NULL, '2015-01-21 08:51:58'),
(55,  'bry-romeoajulie.pdf',  'application/pdf',  'pdf',  48, 29, NULL, '2015-01-21 08:51:58'),
(56,  'bry-robinson.pdf', 'application/pdf',  'pdf',  48, 29, NULL, '2015-01-21 08:51:58'),
(57,  'bry-albertomoravia.pdf', 'application/pdf',  'pdf',  48, 29, NULL, '2015-01-21 08:51:58'),
(58,  'bry-revizor.pdf',  'application/pdf',  'pdf',  48, 29, NULL, '2015-01-21 08:51:58'),
(59,  'bry-lakomec.pdf',  'application/pdf',  'pdf',  48, 29, NULL, '2015-01-21 08:51:58'),
(60,  'bry-cjl-kytice.pdf', 'application/pdf',  'pdf',  48, 29, NULL, '2015-01-21 08:51:58'),
(62,  'bry-cjl-orwell.pdf', 'application/pdf',  'pdf',  48, 29, NULL, '2015-01-21 08:51:58'),
(63,  'bry-cjl-baudelaire.pdf', 'application/pdf',  'pdf',  48, 29, NULL, '2015-01-21 08:51:58'),
(64,  'bry-malyprinc.pdf',  'application/pdf',  'pdf',  48, 29, NULL, '2015-01-21 08:51:58'),
(65,  'bry-marysa.pdf', 'application/pdf',  'pdf',  48, 29, NULL, '2015-01-21 08:51:58'),
(66,  'bry-kulicka.pdf',  'application/pdf',  'pdf',  48, 29, NULL, '2015-01-21 08:51:58'),
(67,  'bry-kalibuvzlocin.pdf',  'application/pdf',  'pdf',  48, 29, NULL, '2015-01-21 08:51:58'),
(68,  'bry-umelecky.pdf', 'application/pdf',  'pdf',  49, 29, NULL, '2015-01-21 08:58:18'),
(69,  'bry-rozborneumeleckeho.pdf', 'application/pdf',  'pdf',  49, 29, NULL, '2015-01-21 08:58:18'),
(70,  'bry-slohoveutvary.pdf',  'application/pdf',  'pdf',  50, 29, NULL, '2015-01-21 09:02:13'),
(71,  'bry-struktura.pdf',  'application/pdf',  'pdf',  51, 29, NULL, '2015-01-21 09:03:01'),
(72,  'bry-cjl-4.b-stylistika.pdf', 'application/pdf',  'pdf',  52, 29, NULL, '2015-01-21 09:03:34'),
(78,  'bry-cjl-osnova (1).pdf', 'application/pdf',  'pdf',  54, 29, NULL, '2015-01-21 09:26:47'),
(80,  'Poezie po roce 1945.pdf',  'application/pdf',  'pdf',  53, 29, '', '2015-01-21 09:44:21'),
(81,  'ucebnice_bankovnictvi.ppt',  'application/vnd.ms-powerpoint',  'ppt',  56, 29, NULL, '2015-01-21 09:52:16'),
(82,  'ucebnice_bankovnictvi2.pptx',  'application/vnd.openxmlformats-officedocument.presentationml.presentation',  'pptx', 56, 29, NULL, '2015-01-21 09:52:16'),
(83,  'mla_kurzzs_list1.pdf', 'application/pdf',  'pdf',  57, 29, NULL, '2015-01-21 10:10:55'),
(84,  'mla_kurzzs_list3.pdf', 'application/pdf',  'pdf',  57, 29, NULL, '2015-01-21 10:10:55'),
(85,  'mla_kurzzs_list4.pdf', 'application/pdf',  'pdf',  57, 29, NULL, '2015-01-21 10:10:55'),
(86,  'mla_kurzzslist2.pdf',  'application/pdf',  'pdf',  57, 29, NULL, '2015-01-21 10:10:55'),
(87,  'absolutismus a parlamentarismus.pdf',  'application/pdf',  'pdf',  58, 29, NULL, '2015-01-21 10:14:27'),
(88,  'bry-krizove2.pdf', 'application/pdf',  'pdf',  59, 29, NULL, '2015-01-21 10:14:46'),
(91,  'staroorientální despocie.pdf', 'application/pdf',  'pdf',  60, 29, '', '2015-01-21 10:22:09'),
(92,  'starověké řecko.pdf',  'application/pdf',  'pdf',  61, 29, '', '2015-01-21 10:21:58'),
(93,  'bry-stredovek.pdf',  'application/pdf',  'pdf',  62, 29, NULL, '2015-01-21 10:21:31'),
(96,  'bry-ekonomicke.pdf', 'application/pdf',  'pdf',  67, 29, NULL, '2015-01-21 10:34:40'),
(97,  'bry-hospodarske1918-38.pdf', 'application/pdf',  'pdf',  69, 29, NULL, '2015-01-21 10:35:09'),
(98,  'bry-hospodarske1938-45.pdf', 'application/pdf',  'pdf',  70, 29, NULL, '2015-01-21 10:38:49'),
(99,  'bry-kalsicismusasecese.pdf', 'application/pdf',  'pdf',  71, 29, NULL, '2015-01-21 10:39:26'),
(100, 'bry-novypomer.pdf',  'application/pdf',  'pdf',  72, 29, NULL, '2015-01-21 10:40:43'),
(101, 'bry-komunismus.pdf', 'application/pdf',  'pdf',  73, 29, NULL, '2015-01-21 10:41:16'),
(102, 'bry-kosicky.pdf',  'application/pdf',  'pdf',  74, 29, NULL, '2015-01-21 10:41:52'),
(103, 'bry-mezinarodni.pdf',  'application/pdf',  'pdf',  76, 29, NULL, '2015-01-21 10:42:48'),
(104, 'bry-nacismus.pdf', 'application/pdf',  'pdf',  77, 29, NULL, '2015-01-21 10:43:15'),
(105, 'bry-narodniobrozeni.pdf',  'application/pdf',  'pdf',  78, 29, NULL, '2015-01-21 10:43:40'),
(106, 'bry-ruskerevoluce.pdf',  'application/pdf',  'pdf',  79, 29, NULL, '2015-01-21 10:45:36'),
(107, 'bry-prumyslovarevoluce.pdf', 'application/pdf',  'pdf',  82, 29, NULL, '2015-01-21 10:47:05'),
(108, 'prumyslova a technicka revoluce.pdf',  'application/pdf',  'pdf',  82, 29, NULL, '2015-01-21 10:47:42'),
(109, 'bry-ruskerevoluce.pdf',  'application/pdf',  'pdf',  83, 29, NULL, '2015-01-21 10:48:22'),
(110, 'bry-spolecnostanarody.pdf',  'application/pdf',  'pdf',  84, 29, NULL, '2015-01-21 10:48:59'),
(111, 'bry-spolecnost.pdf', 'application/pdf',  'pdf',  85, 29, NULL, '2015-01-21 10:49:36'),
(112, 'bry-vzniknemeckaaitalie.pdf',  'application/pdf',  'pdf',  87, 29, NULL, '2015-01-21 10:50:17'),
(113, 'bry-zivotvmb.pdf', 'application/pdf',  'pdf',  88, 29, NULL, '2015-01-21 10:50:51'),
(114, 'bry-ceskoslovensko2.pdf',  'application/pdf',  'pdf',  63, 29, NULL, '2015-01-21 10:52:31'),
(115, 'bry-parlamentarismus.pdf', 'application/pdf',  'pdf',  89, 29, NULL, '2015-01-21 10:59:23'),
(116, 'bry-baroko.pdf', 'application/pdf',  'pdf',  90, 29, NULL, '2015-01-21 13:12:43'),
(117, 'bry-ceskoslovensko1945-48.pdf',  'application/pdf',  'pdf',  91, 29, NULL, '2015-01-21 13:14:27'),
(118, 'bry-ceskoslovensko1950-1989.pdf',  'application/pdf',  'pdf',  92, 29, NULL, '2015-01-21 13:15:32'),
(119, 'bry-ceskoslovensko2.pdf',  'application/pdf',  'pdf',  93, 29, NULL, '2015-01-21 13:17:18'),
(121, 'bry-druharepublika.pdf', 'application/pdf',  'pdf',  96, 29, NULL, '2015-01-21 13:20:09'),
(123, 'bry-druhaprotektorat.pdf', 'application/pdf',  'pdf',  97, 29, NULL, '2015-01-21 13:20:53'),
(124, 'bry-ekonomicke.pdf', 'application/pdf',  'pdf',  98, 29, NULL, '2015-01-21 13:22:11'),
(125, 'bry-jagellonci.pdf', 'application/pdf',  'pdf',  101,  29, NULL, '2015-01-21 13:24:40'),
(126, 'bry-komunismus.pdf', 'application/pdf',  'pdf',  103,  29, NULL, '2015-01-21 13:26:40'),
(127, 'bry-modernizovana.pdf',  'application/pdf',  'pdf',  105,  29, NULL, '2015-01-21 13:27:30'),
(128, 'bry-nacismus.pdf', 'application/pdf',  'pdf',  106,  29, NULL, '2015-01-21 13:28:24'),
(129, 'bry-narodni.pdf',  'application/pdf',  'pdf',  107,  29, NULL, '2015-01-21 13:29:17'),
(130, 'bry-osnovy1-3.pdf',  'application/pdf',  'pdf',  108,  29, NULL, '2015-01-21 13:30:52'),
(131, 'bry-osnova 4,5.pdf', 'application/pdf',  'pdf',  108,  29, NULL, '2015-01-21 13:30:52'),
(132, 'bry-osnovy678.pdf',  'application/pdf',  'pdf',  108,  29, NULL, '2015-01-21 13:30:52'),
(133, 'bry-osnova9.pdf',  'application/pdf',  'pdf',  108,  29, NULL, '2015-01-21 13:30:52'),
(134, 'bry-osnova10.pdf', 'application/pdf',  'pdf',  108,  29, NULL, '2015-01-21 13:30:52'),
(135, 'bry-osnova 11,12.pdf', 'application/pdf',  'pdf',  108,  29, NULL, '2015-01-21 13:30:52'),
(136, 'bry-osnova13.pdf', 'application/pdf',  'pdf',  108,  29, NULL, '2015-01-21 13:30:52'),
(137, 'bry-osnova14.pdf', 'application/pdf',  'pdf',  108,  29, NULL, '2015-01-21 13:30:52'),
(139, 'bry-osnova15,16,17.pdf', 'application/pdf',  'pdf',  108,  29, NULL, '2015-01-21 13:30:52'),
(140, 'bry-osnovy18-21.pdf',  'application/pdf',  'pdf',  108,  29, NULL, '2015-01-21 13:30:52'),
(141, 'bry-osnovy22-25.pdf',  'application/pdf',  'pdf',  108,  29, NULL, '2015-01-21 13:30:52'),
(142, 'bry-osvicenstvi.pdf',  'application/pdf',  'pdf',  109,  29, NULL, '2015-01-21 13:32:00'),
(143, 'bry-povalecnysvet.pdf',  'application/pdf',  'pdf',  110,  29, NULL, '2015-01-21 13:32:22'),
(144, 'bry-protektorat.pdf',  'application/pdf',  'pdf',  111,  29, NULL, '2015-01-21 13:33:13'),
(145, 'bry-prumyslova.pdf', 'application/pdf',  'pdf',  112,  29, NULL, '2015-01-21 13:36:45'),
(146, 'bry-pocatky.pdf',  'application/pdf',  'pdf',  113,  29, NULL, '2015-01-21 13:37:23'),
(147, 'bry-prvni.pdf',  'application/pdf',  'pdf',  114,  29, NULL, '2015-01-21 13:38:23'),
(148, 'bry-reformace.pdf',  'application/pdf',  'pdf',  115,  29, NULL, '2015-01-21 13:39:31'),
(149, 'bry-renesance.pdf',  'application/pdf',  'pdf',  116,  29, NULL, '2015-01-21 13:41:01'),
(150, 'bry-revoluce1848.pdf', 'application/pdf',  'pdf',  117,  29, NULL, '2015-01-21 13:41:31'),
(151, 'bry-romantismus.pdf',  'application/pdf',  'pdf',  118,  29, NULL, '2015-01-21 13:42:04'),
(152, 'bry-ruske.pdf',  'application/pdf',  'pdf',  119,  29, NULL, '2015-01-21 13:42:26'),
(153, 'bry-secese.pdf', 'application/pdf',  'pdf',  120,  29, NULL, '2015-01-21 13:42:50'),
(154, 'bry-staroorientalni.ppt',  'application/vnd.ms-powerpoint',  'ppt',  121,  29, NULL, '2015-01-21 13:44:20'),
(155, 'bry-starovekerecko.pdf', 'application/pdf',  'pdf',  122,  29, NULL, '2015-01-21 13:44:55'),
(156, 'bry-starovekyrim.ppt', 'application/vnd.ms-powerpoint',  'ppt',  123,  29, NULL, '2015-01-21 13:46:02'),
(157, 'bry-stredovek.pdf',  'application/pdf',  'pdf',  124,  29, NULL, '2015-01-21 13:46:35'),
(158, 'bry-velkafrancouzska.pdf', 'application/pdf',  'pdf',  125,  29, NULL, '2015-01-21 13:47:07'),
(159, 'bry-versailleska.pdf', 'application/pdf',  'pdf',  126,  29, NULL, '2015-01-21 13:47:56'),
(160, 'bry-vznikusa.pdf', 'application/pdf',  'pdf',  127,  29, NULL, '2015-01-21 13:48:27'),
(161, 'bry-zamorskeobjevy.pdf', 'application/pdf',  'pdf',  128,  29, NULL, '2015-01-21 13:48:55'),
(162, 'bry-zamorsketext.pdf', 'application/pdf',  'pdf',  128,  29, NULL, '2015-01-21 13:49:18'),
(163, 'Výrazy - test.pdf',  'application/pdf',  'pdf',  129,  28, '', '2015-01-21 13:53:44'),
(164, 'Mnohočleny.pdf', 'application/pdf',  'pdf',  129,  28, '', '2015-01-27 09:34:50'),
(165, 'mla_1r_opakovanni-vyrazy1.pdf',  'application/pdf',  'pdf',  129,  28, NULL, '2015-01-21 13:53:09'),
(166, 'mla_1r_ vyrazy2.pdf',  'application/pdf',  'pdf',  129,  28, NULL, '2015-01-21 13:54:16'),
(167, 'bry-ceskoslovensko1.pdf',  'application/pdf',  'pdf',  63, 29, NULL, '2015-01-21 13:55:26'),
(168, 'Učební texty Logika včetně klíče.pdf', 'application/pdf',  'pdf',  130,  28, 'Učební texty k logice, ABSOLUTNÍ HODNOTA, OPERACE S VÝROKY, TABULKY PRAVDIVOSTNÍCH HODNOT, SLOVNÍ ÚLOHY ŘEŠENÉ POMOCÍ LOGICKÝCH SPOJEK A TABULEK PRAVDIVOSTNÍCH HODNOT', '2015-01-21 13:58:02'),
(169, 'mla_1r_logika1.pdf', 'application/pdf',  'pdf',  130,  28, NULL, '2015-01-21 13:56:04'),
(170, 'mla_1r_vyroky1.pdf', 'application/pdf',  'pdf',  130,  28, NULL, '2015-01-21 13:56:04'),
(171, 'bry-ceskoslovenskovalka.pdf',  'application/pdf',  'pdf',  65, 29, NULL, '2015-01-21 13:56:48'),
(172, 'bry-druhasvetova.pdf', 'application/pdf',  'pdf',  66, 29, NULL, '2015-01-21 13:57:14'),
(173, 'bry-fasismus.pdf', 'application/pdf',  'pdf',  68, 29, NULL, '2015-01-21 13:57:28'),
(174, 'mezinarodnivztahy.pdf',  'application/pdf',  'pdf',  75, 29, NULL, '2015-01-21 13:58:08'),
(175, 'bry-povalecnaobnova.pdf',  'application/pdf',  'pdf',  81, 29, NULL, '2015-01-21 13:58:25'),
(176, 'bry-versailleskysystem.pdf', 'application/pdf',  'pdf',  86, 29, NULL, '2015-01-21 13:58:43'),
(177, 'bry-ceskoslovensko1.pdf',  'application/pdf',  'pdf',  93, 29, NULL, '2015-01-21 14:00:26'),
(178, 'bry-ceskoslovesnko30.pdf', 'application/pdf',  'pdf',  94, 29, NULL, '2015-01-21 14:00:39'),
(179, 'bry-ceskoslovensko.pdf', 'application/pdf',  'pdf',  95, 29, NULL, '2015-01-21 14:01:21'),
(180, 'bry-druha.pdf',  'application/pdf',  'pdf',  97, 29, NULL, '2015-01-21 14:02:07'),
(181, 'bry-gotika.pdf', 'application/pdf',  'pdf',  99, 29, NULL, '2015-01-21 14:02:36'),
(182, 'bry-fasismus.pdf', 'application/pdf',  'pdf',  100,  29, NULL, '2015-01-21 14:02:59'),
(183, 'bry-judaimus.pdf', 'application/pdf',  'pdf',  102,  29, NULL, '2015-01-21 14:03:21'),
(184, 'bry-mnichov.pdf',  'application/pdf',  'pdf',  104,  29, NULL, '2015-01-21 14:03:39'),
(185, 'mla_1r_vennovy diagramy1.pdf', 'application/pdf',  'pdf',  131,  28, NULL, '2015-01-21 14:07:22'),
(186, 'dvo_1r_pl_mnoziny-2.pdf',  'application/pdf',  'pdf',  131,  28, NULL, '2015-01-21 14:07:22'),
(187, 'dvo_1r_pl_mnoziny.pdf',  'application/pdf',  'pdf',  131,  28, NULL, '2015-01-21 14:07:22'),
(188, 'mla_1r_ii. mnoziny.pdf', 'application/pdf',  'pdf',  131,  28, NULL, '2015-01-21 14:07:22'),
(189, 'mla_1r_mnoziny5.pdf',  'application/pdf',  'pdf',  131,  28, NULL, '2015-01-21 14:07:22'),
(190, 'mla_1r_mnoziny4.pdf',  'application/pdf',  'pdf',  131,  28, NULL, '2015-01-21 14:07:22'),
(191, 'mla_1r_mnoziny3.pdf',  'application/pdf',  'pdf',  131,  28, NULL, '2015-01-21 14:07:22'),
(192, 'mla_1r_mnoziny2.pdf',  'application/pdf',  'pdf',  131,  28, NULL, '2015-01-21 14:07:22'),
(193, 'mla1r_mnoziny1.pdf', 'application/pdf',  'pdf',  131,  28, NULL, '2015-01-21 14:07:22'),
(194, 'intervaly.pdf',  'application/pdf',  'pdf',  131,  28, NULL, '2015-01-21 14:07:22'),
(195, 'ekc.pdf',  'application/pdf',  'pdf',  132,  29, NULL, '2015-01-21 14:13:59'),
(196, 'hv4_smes_rozdel_pocet.pdf',  'application/pdf',  'pdf',  132,  29, NULL, '2015-01-21 14:13:59'),
(197, 'pl mocniny vysledky.pdf',  'application/pdf',  'pdf',  133,  28, 'Pracovní list - výsledky', '2015-01-21 14:17:34'),
(198, 'mla_1r_plmocniny.pdf', 'application/pdf',  'pdf',  133,  28, 'Pracovní list - zadání', '2015-01-21 14:17:28'),
(199, 'mla_1r_mocniny1.pdf',  'application/pdf',  'pdf',  133,  28, NULL, '2015-01-21 14:17:03'),
(200, 'vy_32_inovace_eko_1.pdf',  'application/pdf',  'pdf',  134,  29, NULL, '2015-01-21 14:19:19'),
(201, 'vy_32_inovace_eko_2.pdf',  'application/pdf',  'pdf',  135,  29, NULL, '2015-01-21 14:19:33'),
(202, 'vy_32_inovace_eko_3_management.pdf', 'application/pdf',  'pdf',  137,  29, NULL, '2015-01-21 14:19:46'),
(203, 'vy_32_inovace_eko_4_marketing.pdf',  'application/pdf',  'pdf',  138,  29, NULL, '2015-01-21 14:20:00'),
(204, 'mla_geo_mista_bodu.png', 'image/png',  'png',  136,  28, 'Kubičíková - Sbírka úloh z matematiky pro SOŠ a SOÚ a nástavbové studium, Běloun - Sbírka úloh z matematiky',  '2015-01-21 14:20:59'),
(205, 'vy_32_inovace_eko_5 obezny majetek.pdf', 'application/pdf',  'pdf',  139,  29, NULL, '2015-01-21 14:20:36'),
(206, 'vy_32_inovace_eko_6 dlouhodoby majetek .pdf',  'application/pdf',  'pdf',  140,  29, NULL, '2015-01-21 14:20:52'),
(207, 'mla_1r_s planimetrie1.pdf',  'application/pdf',  'pdf',  136,  28, NULL, '2015-01-21 14:21:38'),
(208, 'vy_32_inovace_eko_7_zamestnanci .pdf', 'application/pdf',  'pdf',  141,  29, NULL, '2015-01-21 14:22:14'),
(209, 'vy_32_inovace_eko_8_hlavni cinnosti podniku .pdf', 'application/pdf',  'pdf',  142,  29, NULL, '2015-01-21 14:22:34'),
(210, 'Test planimetrie C,D.pdf', 'application/pdf',  'pdf',  136,  28, '', '2015-01-21 14:23:24'),
(211, 'Test planimetrie A,B.pdf', 'application/pdf',  'pdf',  136,  28, '', '2015-01-21 14:23:52'),
(212, 'vy_32_inovace_eko_9_finanoenus hospodaylenus podniku .pdf',  'application/pdf',  'pdf',  143,  29, NULL, '2015-01-21 14:22:50'),
(213, '2eko_21_marketing.pdf',  'application/pdf',  'pdf',  144,  29, NULL, '2015-01-21 14:24:26'),
(214, '2eko 22 zasoby a logistika_.pdf',  'application/pdf',  'pdf',  145,  29, NULL, '2015-01-21 14:24:42'),
(215, '3eko_31_financovani podniku_final.pdf',  'application/pdf',  'pdf',  147,  29, NULL, '2015-01-21 14:25:45'),
(216, 'konzervy_moje.pdf',  'application/pdf',  'pdf',  149,  29, NULL, '2015-01-21 14:29:15'),
(217, 'prezentace_semin_prace_vzor1.pdf', 'application/pdf',  'pdf',  150,  29, NULL, '2015-01-21 14:30:12'),
(218, 'seminarka_metodicke_pokyny.pdf', 'application/pdf',  'pdf',  150,  29, NULL, '2015-01-21 14:30:12'),
(219, 'Kvádr rce a nerce B.pdf',  'application/pdf',  'pdf',  151,  28, '', '2015-01-21 19:28:30'),
(220, 'Kvádr rce a nerce A.pdf',  'application/pdf',  'pdf',  151,  28, '', '2015-01-21 19:28:23'),
(221, 'Kontrolní test 3.pdf', 'application/pdf',  'pdf',  151,  28, '', '2015-01-21 19:28:01'),
(222, 'Kontrolní test 2.pdf', 'application/pdf',  'pdf',  151,  28, '', '2015-01-21 19:27:54'),
(223, 'Kontrolní test 1.pdf', 'application/pdf',  'pdf',  151,  28, '', '2015-01-21 19:27:47'),
(224, 'Archimédův a Pascalův zákon.pptx', 'application/vnd.openxmlformats-officedocument.presentationml.presentation',  'pptx', 152,  28, 'Zárubová a Gašparíková', '2015-01-21 20:30:29'),
(225, 'Hydroxidy kyseliny soli.pptx', 'application/vnd.openxmlformats-officedocument.presentationml.presentation',  'pptx', 152,  28, 'Gabriela Jašková & Natálie Zubrová', '2015-01-21 20:29:10'),
(226, 'Trávicí soustava.ppt', 'application/vnd.ms-powerpoint',  'ppt',  152,  28, 'Šlajsová a Dvořáková', '2015-01-21 20:32:14'),
(227, 'Vylučovací soustava.pptx', 'application/vnd.openxmlformats-officedocument.presentationml.presentation',  'pptx', 152,  28, 'Špačková a Lejsalová', '2015-01-21 20:30:03');

DROP TABLE IF EXISTS `comentary`;
CREATE TABLE `comentary` (
  `id` int(11) NOT NULL AUTO_INCREMENT,
  `user_id` int(11) DEFAULT NULL,
  `topic_id` int(11) NOT NULL,
  `comentary_id` int(11) DEFAULT NULL COMMENT 'This comentary is answer on another comentary.',
  `created_at` timestamp NOT NULL DEFAULT CURRENT_TIMESTAMP ON UPDATE CURRENT_TIMESTAMP,
  `content` text COLLATE utf8_czech_ci NOT NULL,
  PRIMARY KEY (`id`),
  KEY `user_id` (`user_id`),
  KEY `topic_id` (`topic_id`),
  KEY `answer_on` (`comentary_id`),
  CONSTRAINT `comentary_ibfk_4` FOREIGN KEY (`topic_id`) REFERENCES `Topic` (`id`) ON DELETE CASCADE ON UPDATE CASCADE,
  CONSTRAINT `comentary_ibfk_7` FOREIGN KEY (`comentary_id`) REFERENCES `comentary` (`id`) ON DELETE CASCADE ON UPDATE CASCADE,
  CONSTRAINT `comentary_ibfk_8` FOREIGN KEY (`user_id`) REFERENCES `user` (`id`) ON DELETE SET NULL ON UPDATE CASCADE
) ENGINE=InnoDB DEFAULT CHARSET=utf8 COLLATE=utf8_czech_ci;


DROP TABLE IF EXISTS `garantedprivilegies`;
CREATE TABLE `garantedprivilegies` (
  `id` int(11) NOT NULL AUTO_INCREMENT,
  `role_id` int(11) NOT NULL,
  `privilege_id` int(11) DEFAULT NULL,
  `resource_id` int(11) NOT NULL,
  PRIMARY KEY (`id`),
  KEY `privilege_id` (`privilege_id`),
  KEY `role_id` (`role_id`),
  KEY `resource_id` (`resource_id`),
  CONSTRAINT `garantedprivilegies_ibfk_5` FOREIGN KEY (`privilege_id`) REFERENCES `privilege` (`id`) ON DELETE CASCADE ON UPDATE CASCADE,
  CONSTRAINT `garantedprivilegies_ibfk_6` FOREIGN KEY (`role_id`) REFERENCES `role` (`id`) ON DELETE CASCADE ON UPDATE CASCADE,
  CONSTRAINT `garantedprivilegies_ibfk_7` FOREIGN KEY (`resource_id`) REFERENCES `resource` (`id`) ON DELETE CASCADE ON UPDATE CASCADE
) ENGINE=InnoDB DEFAULT CHARSET=utf8 COLLATE=utf8_czech_ci COMMENT='Garants privilegies on resource for role.';

INSERT INTO `garantedprivilegies` (`id`, `role_id`, `privilege_id`, `resource_id`) VALUES
(1, 7,  1,  4),
(2, 7,  5,  4),
(3, 7,  NULL, 4),
(4, 7,  1,  2),
(5, 7,  1,  5),
(6, 7,  1,  1),
(7, 7,  1,  6),
(8, 2,  2,  6),
(10,  2,  3,  6),
(11,  2,  4,  6),
(12,  2,  4,  6),
(13,  4,  4,  1),
(14,  4,  2,  2),
(15,  4,  1,  7),
(16,  4,  2,  7),
(17,  4,  3,  7),
(18,  4,  4,  7),
(19,  4,  3,  2),
(20,  4,  2,  5),
(21,  4,  3,  5),
(22,  4,  4,  5),
(23,  4,  2,  8),
(24,  4,  4,  8),
(25,  4,  1,  9),
(27,  4,  1,  10),
(28,  7,  1,  11);

DROP TABLE IF EXISTS `grade`;
CREATE TABLE `grade` (
  `id` int(11) NOT NULL AUTO_INCREMENT,
  `name` varchar(63) COLLATE utf8_czech_ci DEFAULT NULL,
  `grade_id` int(11) DEFAULT NULL,
  `movable` int(11) DEFAULT NULL,
  PRIMARY KEY (`id`),
  UNIQUE KEY `UQ_Grade_name` (`name`),
  UNIQUE KEY `UQ_Grade_grade_next` (`grade_id`),
  KEY `IXFK_Grade_Grade` (`grade_id`),
  CONSTRAINT `grade_ibfk_1` FOREIGN KEY (`grade_id`) REFERENCES `grade` (`id`) ON DELETE SET NULL ON UPDATE CASCADE
) ENGINE=InnoDB DEFAULT CHARSET=utf8 COLLATE=utf8_czech_ci;

INSERT INTO `grade` (`id`, `name`, `grade_id`, `movable`) VALUES
(1, '1. ročník',  2,  1),
(2, '2. ročník',  3,  1),
(3, '3. ročník',  4,  1),
(4, '4. ročník',  NULL, 1),
(5, 'Kurzy',  NULL, NULL),
(6, 'Seminář',  NULL, NULL);

DROP TABLE IF EXISTS `log`;
CREATE TABLE `log` (
  `id` bigint(20) NOT NULL AUTO_INCREMENT,
  `user_id` int(11) DEFAULT NULL,
  `topic_id` int(11) DEFAULT NULL,
  `action_id` int(11) DEFAULT NULL,
  `note` text COLLATE utf8_czech_ci,
  `created_at` timestamp NOT NULL DEFAULT CURRENT_TIMESTAMP ON UPDATE CURRENT_TIMESTAMP,
  PRIMARY KEY (`id`),
  KEY `action_id` (`action_id`),
  KEY `user_id` (`user_id`),
  KEY `topic_id` (`topic_id`),
  CONSTRAINT `log_ibfk_1` FOREIGN KEY (`action_id`) REFERENCES `Action` (`id`) ON DELETE SET NULL ON UPDATE CASCADE,
  CONSTRAINT `log_ibfk_2` FOREIGN KEY (`topic_id`) REFERENCES `topic` (`id`) ON DELETE SET NULL ON UPDATE CASCADE,
  CONSTRAINT `log_ibfk_3` FOREIGN KEY (`user_id`) REFERENCES `user` (`id`) ON DELETE SET NULL ON UPDATE CASCADE
) ENGINE=InnoDB DEFAULT CHARSET=utf8 COLLATE=utf8_czech_ci;

INSERT INTO `log` (`id`, `user_id`, `topic_id`, `action_id`, `note`, `created_at`) VALUES
(1, 28, NULL, 2,  '127.0.0.1',  '2015-01-16 16:54:08'),
(2, 28, NULL, 1,  '', '2015-01-16 16:54:17'),
(3, 28, NULL, 2,  '127.0.0.1',  '2015-01-16 18:08:28'),
(4, 6,  NULL, 2,  '127.0.0.1',  '2015-01-16 19:14:03'),
(5, 6,  NULL, 1,  '', '2015-01-16 19:31:53'),
(6, 6,  NULL, 1,  '', '2015-01-16 19:32:19'),
(7, 6,  NULL, 1,  '', '2015-01-16 19:36:48'),
(8, 6,  NULL, 1,  '', '2015-01-16 19:44:33'),
(9, 6,  NULL, 1,  '', '2015-01-16 19:44:59'),
(10,  6,  NULL, 1,  '', '2015-01-16 19:45:45'),
(11,  6,  NULL, 1,  '', '2015-01-16 19:46:03'),
(12,  6,  NULL, 1,  '', '2015-01-16 19:47:01'),
(13,  6,  NULL, 1,  '', '2015-01-16 19:47:21'),
(14,  6,  NULL, 1,  '', '2015-01-16 19:47:45'),
(15,  6,  NULL, 1,  '', '2015-01-16 19:53:13'),
(16,  6,  NULL, 1,  '', '2015-01-18 23:22:39'),
(17,  6,  NULL, 1,  '', '2015-01-18 23:23:31'),
(18,  28, NULL, 2,  '127.0.0.1',  '2015-01-18 23:25:08'),
(19,  28, NULL, 2,  '127.0.0.1',  '2015-01-19 08:28:12'),
(20,  28, NULL, 2,  '127.0.0.1',  '2015-01-19 13:54:28'),
(21,  28, NULL, 2,  '127.0.0.1',  '2015-01-19 14:44:49'),
(22,  28, NULL, 1,  '', '2015-01-19 15:05:06'),
(23,  28, NULL, 1,  '', '2015-01-19 15:06:00'),
(24,  28, NULL, 1,  '', '2015-01-19 15:07:09'),
(25,  28, NULL, 1,  '', '2015-01-19 15:07:57'),
(26,  28, NULL, 1,  '', '2015-01-19 15:10:25'),
(27,  28, NULL, 1,  '', '2015-01-19 15:10:45'),
(28,  28, NULL, 1,  '', '2015-01-19 15:11:01'),
(29,  28, NULL, 1,  '', '2015-01-19 15:11:30'),
(30,  28, NULL, 1,  '', '2015-01-19 15:20:05'),
(31,  28, NULL, 1,  '', '2015-01-19 15:23:18'),
(32,  28, NULL, 1,  '', '2015-01-19 15:24:12'),
(33,  28, NULL, 1,  '', '2015-01-19 15:24:22'),
(34,  28, NULL, 1,  '', '2015-01-19 15:24:42'),
(35,  28, NULL, 1,  '', '2015-01-19 15:25:56'),
(36,  28, NULL, 1,  '', '2015-01-19 15:26:38'),
(37,  28, NULL, 1,  '', '2015-01-19 15:30:01'),
(38,  28, NULL, 1,  '', '2015-01-19 15:31:24'),
(39,  28, NULL, 1,  '', '2015-01-19 15:31:57'),
(40,  28, NULL, 1,  '', '2015-01-19 15:33:34'),
(41,  28, NULL, 1,  '', '2015-01-19 15:34:53'),
(42,  28, NULL, 1,  '', '2015-01-19 15:37:56'),
(43,  28, NULL, 1,  '', '2015-01-19 15:38:55'),
(44,  28, NULL, 1,  '', '2015-01-19 15:40:29'),
(45,  28, NULL, 1,  '', '2015-01-19 15:43:19'),
(46,  28, NULL, 1,  '', '2015-01-19 15:43:39'),
(47,  28, NULL, 1,  '', '2015-01-19 15:45:06'),
(48,  28, NULL, 1,  '', '2015-01-19 15:46:20'),
(49,  28, NULL, 1,  '', '2015-01-19 15:46:43'),
(50,  28, NULL, 1,  '', '2015-01-19 15:47:29'),
(51,  28, NULL, 1,  '', '2015-01-19 15:48:03'),
(52,  28, NULL, 1,  '', '2015-01-19 15:48:27'),
(53,  28, NULL, 1,  '', '2015-01-19 15:49:25'),
(54,  28, NULL, 1,  '', '2015-01-19 15:50:36'),
(55,  28, NULL, 1,  '', '2015-01-19 15:51:12'),
(56,  28, NULL, 1,  '', '2015-01-19 15:53:31'),
(57,  28, NULL, 1,  '', '2015-01-19 15:54:09'),
(58,  28, NULL, 1,  '', '2015-01-19 15:54:47'),
(59,  28, NULL, 1,  '', '2015-01-19 15:55:16'),
(60,  28, NULL, 1,  '', '2015-01-19 15:56:56'),
(61,  28, NULL, 1,  '', '2015-01-19 15:57:10'),
(62,  28, NULL, 1,  '', '2015-01-19 15:57:44'),
(63,  28, NULL, 1,  '', '2015-01-19 15:58:00'),
(64,  28, NULL, 1,  '', '2015-01-19 15:58:09'),
(65,  28, NULL, 1,  '', '2015-01-19 15:58:39'),
(66,  28, NULL, 1,  '', '2015-01-19 15:58:51'),
(67,  28, NULL, 1,  '', '2015-01-19 16:00:18'),
(68,  28, NULL, 1,  '', '2015-01-19 16:01:37'),
(69,  28, NULL, 1,  '', '2015-01-19 16:03:21'),
(70,  28, NULL, 1,  '', '2015-01-19 16:04:18'),
(71,  28, NULL, 1,  '', '2015-01-19 16:04:54'),
(72,  28, NULL, 1,  '', '2015-01-19 16:05:26'),
(73,  28, NULL, 1,  '', '2015-01-19 16:05:38'),
(74,  28, NULL, 1,  '', '2015-01-19 16:06:19'),
(75,  28, NULL, 1,  '', '2015-01-19 16:06:32'),
(76,  28, NULL, 1,  '', '2015-01-19 16:08:15'),
(77,  28, NULL, 1,  '', '2015-01-19 16:08:45'),
(78,  28, NULL, 1,  '', '2015-01-19 16:09:15'),
(79,  28, NULL, 1,  '', '2015-01-19 16:10:08'),
(80,  28, NULL, 1,  '', '2015-01-19 16:10:20'),
(81,  28, NULL, 1,  '', '2015-01-19 16:12:40'),
(82,  28, NULL, 1,  '', '2015-01-19 16:15:59'),
(83,  57, NULL, 2,  '::1',  '2015-01-19 16:17:02'),
(84,  57, NULL, 1,  '', '2015-01-19 16:17:33'),
(85,  57, NULL, 1,  '', '2015-01-19 16:19:01'),
(86,  57, NULL, 1,  '', '2015-01-19 16:19:16'),
(87,  57, NULL, 1,  '', '2015-01-19 16:20:51'),
(88,  57, NULL, 1,  '', '2015-01-19 16:21:12'),
(89,  57, NULL, 1,  '', '2015-01-19 16:22:35'),
(90,  57, NULL, 1,  '', '2015-01-19 16:23:38'),
(91,  57, NULL, 1,  '', '2015-01-19 16:23:56'),
(92,  57, NULL, 1,  '', '2015-01-19 16:26:21'),
(93,  57, NULL, 1,  '', '2015-01-19 16:27:31'),
(94,  57, NULL, 1,  '', '2015-01-19 16:27:44'),
(95,  57, NULL, 1,  '', '2015-01-19 16:29:17'),
(96,  57, NULL, 1,  '', '2015-01-19 16:30:00'),
(97,  57, NULL, 1,  '', '2015-01-19 16:30:08'),
(98,  57, NULL, 1,  '', '2015-01-19 16:30:52'),
(99,  57, NULL, 1,  '', '2015-01-19 16:32:03'),
(100, 57, NULL, 1,  '', '2015-01-19 16:33:06'),
(101, 57, NULL, 1,  '', '2015-01-19 16:34:07'),
(102, 57, NULL, 1,  '', '2015-01-19 16:34:41'),
(103, 28, NULL, 2,  '127.0.0.1',  '2015-01-19 16:36:16'),
(104, 28, NULL, 1,  '', '2015-01-19 16:36:38'),
(105, 28, NULL, 1,  '', '2015-01-19 16:37:16'),
(106, 28, NULL, 1,  '', '2015-01-19 16:37:40'),
(107, 28, NULL, 1,  '', '2015-01-19 16:38:58'),
(108, 28, NULL, 1,  '', '2015-01-19 16:39:08'),
(109, 28, NULL, 1,  '', '2015-01-19 16:43:04'),
(110, 28, NULL, 1,  '', '2015-01-19 16:43:25'),
(111, 28, NULL, 1,  '', '2015-01-19 16:46:05'),
(112, 28, NULL, 1,  '', '2015-01-19 16:46:57'),
(113, 28, NULL, 1,  '', '2015-01-19 16:48:04'),
(114, 28, NULL, 1,  '', '2015-01-19 16:49:39'),
(115, 28, NULL, 1,  '', '2015-01-19 16:53:00'),
(116, 28, NULL, 1,  '', '2015-01-19 17:25:12'),
(117, 28, NULL, 1,  '', '2015-01-19 17:25:35'),
(118, 28, NULL, 1,  '', '2015-01-19 17:26:01'),
(119, 28, NULL, 1,  '', '2015-01-19 17:26:05'),
(120, 28, NULL, 1,  '', '2015-01-19 17:27:43'),
(121, 28, NULL, 1,  '', '2015-01-19 17:27:49'),
(122, 28, NULL, 1,  '', '2015-01-19 17:28:08'),
(123, 28, NULL, 1,  '', '2015-01-19 17:28:11'),
(124, 28, NULL, 1,  '', '2015-01-19 17:28:14'),
(125, 28, NULL, 1,  '', '2015-01-19 17:30:05'),
(126, 28, NULL, 1,  '', '2015-01-19 17:30:16'),
(127, 28, NULL, 1,  '', '2015-01-19 17:31:20'),
(128, 28, NULL, 1,  '', '2015-01-19 17:31:29'),
(129, 28, NULL, 1,  '', '2015-01-19 17:33:33'),
(130, 28, NULL, 1,  '', '2015-01-19 19:10:54'),
(131, 28, NULL, 1,  '', '2015-01-19 19:12:40'),
(132, 28, NULL, 1,  '', '2015-01-19 19:14:35'),
(133, 28, NULL, 1,  '', '2015-01-19 19:14:56'),
(134, 28, NULL, 1,  '', '2015-01-19 19:14:58'),
(135, 28, NULL, 1,  '', '2015-01-19 19:19:06'),
(136, 28, NULL, 1,  '', '2015-01-19 19:19:31'),
(137, 28, NULL, 1,  '', '2015-01-19 19:20:40'),
(138, 6,  NULL, 2,  '127.0.0.1',  '2015-01-19 19:21:39'),
(139, 6,  NULL, 1,  '', '2015-01-19 19:23:19'),
(140, 6,  NULL, 1,  '', '2015-01-19 19:24:21'),
(141, 6,  NULL, 1,  '', '2015-01-19 19:25:23'),
(142, 6,  NULL, 1,  '', '2015-01-19 20:28:03'),
(143, 6,  NULL, 1,  '', '2015-01-19 20:29:08'),
(144, 28, NULL, 2,  '10.0.0.1', '2015-01-19 20:35:09'),
(145, 57, NULL, 2,  '10.0.0.1', '2015-01-19 20:36:11'),
(146, 57, NULL, 1,  '', '2015-01-19 20:36:34'),
(147, 57, NULL, 1,  '', '2015-01-19 20:42:36'),
(148, 28, NULL, 2,  '10.0.0.1', '2015-01-19 20:45:14'),
(149, 61, NULL, 2,  '10.0.0.11',  '2015-01-19 20:48:23'),
(150, 28, NULL, 2,  '10.0.0.11',  '2015-01-19 20:48:52'),
(151, 28, NULL, 2,  '127.0.0.1',  '2015-01-19 20:55:21'),
(152, 28, NULL, 1,  '', '2015-01-19 20:55:24'),
(153, 28, NULL, 1,  '', '2015-01-19 21:02:27'),
(154, 28, NULL, 1,  '', '2015-01-19 21:04:45'),
(155, 28, NULL, 1,  '', '2015-01-19 21:04:47'),
(156, 28, NULL, 1,  '', '2015-01-19 21:06:05'),
(157, 6,  NULL, 2,  '10.0.0.11',  '2015-01-19 21:06:31'),
(158, 6,  NULL, 1,  '', '2015-01-19 21:06:37'),
(159, 6,  NULL, 1,  '', '2015-01-19 21:07:24'),
(160, 57, NULL, 2,  '10.0.0.11',  '2015-01-19 21:08:40'),
(161, 57, NULL, 1,  '', '2015-01-19 21:09:14'),
(162, 57, NULL, 1,  '', '2015-01-19 21:09:38'),
(163, 61, NULL, 2,  '10.0.0.1', '2015-01-19 21:10:06'),
(164, 61, NULL, 1,  '', '2015-01-19 21:10:23'),
(165, 61, NULL, 1,  '', '2015-01-19 21:10:45'),
(166, 57, NULL, 1,  '', '2015-01-19 21:10:48'),
(167, 61, NULL, 2,  '10.0.0.11',  '2015-01-19 21:14:56'),
(168, 28, NULL, 2,  '::1',  '2015-01-19 22:18:19'),
(169, 28, NULL, 2,  '::1',  '2015-01-20 09:47:13'),
(170, 28, NULL, 1,  '', '2015-01-20 10:14:28'),
(171, 28, NULL, 1,  '', '2015-01-20 10:16:33'),
(172, 28, NULL, 1,  '', '2015-01-20 10:16:42'),
(173, 28, NULL, 1,  '', '2015-01-20 10:17:26'),
(174, 28, NULL, 1,  '', '2015-01-20 10:18:57'),
(175, 28, NULL, 1,  '', '2015-01-20 10:19:11'),
(176, 29, NULL, 2,  '10.0.0.14',  '2015-01-21 07:14:53'),
(177, 28, NULL, 2,  '::1',  '2015-01-21 07:26:19'),
(178, 29, NULL, 2,  '10.0.0.14',  '2015-01-21 07:46:07'),
(179, 29, 41, 1,  '', '2015-01-21 07:47:56'),
(180, 29, 41, 1,  '', '2015-01-21 07:48:44'),
(181, 29, 41, 1,  '', '2015-01-21 07:48:50'),
(182, 29, 42, 1,  '', '2015-01-21 07:52:52'),
(183, 29, 42, 1,  '', '2015-01-21 07:53:08'),
(184, 29, 43, 1,  '', '2015-01-21 07:55:00'),
(185, 29, 43, 1,  '', '2015-01-21 07:55:11'),
(186, 29, 44, 1,  '', '2015-01-21 07:59:17'),
(187, 29, 44, 1,  '', '2015-01-21 07:59:24'),
(188, 29, 45, 1,  '', '2015-01-21 08:00:00'),
(189, 29, 45, 1,  '', '2015-01-21 08:00:10'),
(190, 29, 45, 1,  '', '2015-01-21 08:01:20'),
(191, 29, 45, 1,  '', '2015-01-21 08:01:24'),
(192, 29, 45, 1,  '', '2015-01-21 08:01:29'),
(193, 29, 46, 1,  '', '2015-01-21 08:02:47'),
(194, 29, 46, 1,  '', '2015-01-21 08:02:54'),
(195, 29, 46, 1,  '', '2015-01-21 08:03:20'),
(196, 29, 44, 1,  '', '2015-01-21 08:22:11'),
(197, 29, 45, 1,  '', '2015-01-21 08:22:13'),
(198, 29, 46, 1,  '', '2015-01-21 08:23:20'),
(199, 29, 47, 1,  '', '2015-01-21 08:26:06'),
(200, 29, 47, 1,  '', '2015-01-21 08:26:11'),
(201, 29, 48, 1,  '', '2015-01-21 08:51:04'),
(202, 29, 48, 1,  '', '2015-01-21 08:51:07'),
(203, 29, 48, 1,  '', '2015-01-21 08:51:58'),
(204, 29, 48, 1,  '', '2015-01-21 08:52:41'),
(205, 29, 48, 1,  '', '2015-01-21 08:52:53'),
(206, 29, 48, 1,  '', '2015-01-21 08:53:00'),
(207, 29, 48, 1,  '', '2015-01-21 08:53:16'),
(208, 29, 49, 1,  '', '2015-01-21 08:58:18'),
(209, 29, 49, 1,  '', '2015-01-21 08:58:32'),
(210, 29, 48, 1,  '', '2015-01-21 08:58:35'),
(211, 29, 49, 1,  '', '2015-01-21 08:58:38'),
(212, 29, 49, 1,  '', '2015-01-21 09:00:29'),
(213, 29, 50, 1,  '', '2015-01-21 09:02:13'),
(214, 29, 51, 1,  '', '2015-01-21 09:03:01'),
(215, 29, 52, 1,  '', '2015-01-21 09:03:34'),
(216, 29, 53, 1,  '', '2015-01-21 09:05:03'),
(217, 29, 53, 1,  '', '2015-01-21 09:05:23'),
(218, 29, 53, 1,  '', '2015-01-21 09:05:30'),
(219, 29, 53, 1,  '', '2015-01-21 09:05:40'),
(220, 29, 53, 1,  '', '2015-01-21 09:05:48'),
(221, 29, 53, 1,  '', '2015-01-21 09:05:54'),
(222, 29, 53, 1,  '', '2015-01-21 09:05:59'),
(223, 29, 53, 1,  '', '2015-01-21 09:06:24'),
(224, 29, 53, 1,  '', '2015-01-21 09:21:52'),
(225, 29, 53, 1,  '', '2015-01-21 09:21:58'),
(226, 29, 53, 1,  '', '2015-01-21 09:22:14'),
(227, 29, 53, 1,  '', '2015-01-21 09:23:12'),
(228, 29, 53, 1,  '', '2015-01-21 09:23:39'),
(229, 29, 53, 1,  '', '2015-01-21 09:24:29'),
(230, 29, 53, 1,  '', '2015-01-21 09:25:47'),
(231, 29, 54, 1,  '', '2015-01-21 09:26:47'),
(232, 29, 47, 1,  '', '2015-01-21 09:28:15'),
(233, 29, 53, 1,  '', '2015-01-21 09:28:27'),
(234, 29, 54, 1,  '', '2015-01-21 09:28:29'),
(235, 29, 52, 1,  '', '2015-01-21 09:28:32'),
(236, 29, 51, 1,  '', '2015-01-21 09:28:32'),
(237, 29, 50, 1,  '', '2015-01-21 09:28:33'),
(238, 29, 49, 1,  '', '2015-01-21 09:28:35'),
(239, 29, 48, 1,  '', '2015-01-21 09:28:36'),
(240, 29, 53, 1,  '', '2015-01-21 09:28:42'),
(241, 29, 53, 1,  '', '2015-01-21 09:43:19'),
(242, 29, 53, 1,  '', '2015-01-21 09:43:24'),
(243, 29, 53, 1,  '', '2015-01-21 09:43:48'),
(244, 28, NULL, 2,  '::1',  '2015-01-21 09:43:59'),
(245, 29, 53, 1,  '', '2015-01-21 09:44:07'),
(246, 29, 53, 1,  '', '2015-01-21 09:44:21'),
(247, 29, 53, 1,  '', '2015-01-21 09:47:10'),
(248, 29, 53, 1,  '', '2015-01-21 09:47:16'),
(249, 29, 55, 1,  '', '2015-01-21 09:50:24'),
(250, 29, 55, 1,  '', '2015-01-21 09:50:35'),
(251, 29, 55, 1,  '', '2015-01-21 09:50:59'),
(252, 29, 55, 1,  '', '2015-01-21 09:51:22'),
(253, 29, 56, 1,  '', '2015-01-21 09:52:16'),
(254, 29, 55, 1,  '', '2015-01-21 09:53:25'),
(255, 29, 56, 1,  '', '2015-01-21 09:53:32'),
(256, 29, NULL, 1,  '', '2015-01-21 09:55:51'),
(257, 29, NULL, 1,  '', '2015-01-21 09:55:54'),
(258, 29, NULL, 1,  '', '2015-01-21 09:55:55'),
(259, 29, NULL, 1,  '', '2015-01-21 09:55:56'),
(260, 29, NULL, 1,  '', '2015-01-21 09:56:00'),
(261, 29, NULL, 1,  '', '2015-01-21 09:56:04'),
(262, 29, NULL, 1,  '', '2015-01-21 09:56:17'),
(263, 28, NULL, 2,  '10.0.0.9', '2015-01-21 10:01:34'),
(264, 29, NULL, 2,  '10.0.0.7', '2015-01-21 10:02:05'),
(265, 28, 56, 1,  '', '2015-01-21 10:02:31'),
(266, 28, 54, 1,  '', '2015-01-21 10:02:56'),
(267, 29, 54, 1,  '', '2015-01-21 10:03:15'),
(268, 29, 57, 1,  '', '2015-01-21 10:10:55'),
(269, 29, 57, 1,  '', '2015-01-21 10:11:40'),
(270, 29, 58, 1,  '', '2015-01-21 10:14:27'),
(271, 29, 59, 1,  '', '2015-01-21 10:14:46'),
(272, 29, 60, 1,  '', '2015-01-21 10:15:08'),
(273, 29, 58, 1,  '', '2015-01-21 10:15:10'),
(274, 29, 58, 1,  '', '2015-01-21 10:15:15'),
(275, 29, 58, 1,  '', '2015-01-21 10:17:12'),
(276, 29, 61, 1,  '', '2015-01-21 10:17:22'),
(277, 28, NULL, 2,  '::1',  '2015-01-21 10:17:28'),
(278, 29, 61, 1,  '', '2015-01-21 10:17:36'),
(279, 29, 61, 1,  '', '2015-01-21 10:17:43'),
(280, 29, 61, 1,  '', '2015-01-21 10:18:42'),
(281, 29, 60, 1,  '', '2015-01-21 10:18:47'),
(282, 29, 59, 1,  '', '2015-01-21 10:18:50'),
(283, 29, 60, 1,  '', '2015-01-21 10:18:52'),
(284, 29, 60, 1,  '', '2015-01-21 10:18:56'),
(285, 29, 60, 1,  '', '2015-01-21 10:19:16'),
(286, 29, 60, 1,  '', '2015-01-21 10:19:26'),
(287, 29, 61, 1,  '', '2015-01-21 10:19:28'),
(288, 29, 61, 1,  '', '2015-01-21 10:19:36'),
(289, 29, 60, 1,  '', '2015-01-21 10:20:44'),
(290, 29, 61, 1,  '', '2015-01-21 10:20:45'),
(291, 29, 62, 1,  '', '2015-01-21 10:21:31'),
(292, 29, 62, 1,  '', '2015-01-21 10:21:39'),
(293, 29, 61, 1,  '', '2015-01-21 10:21:41'),
(294, 29, 61, 1,  '', '2015-01-21 10:21:58'),
(295, 29, 60, 1,  '', '2015-01-21 10:22:00'),
(296, 29, 60, 1,  '', '2015-01-21 10:22:09'),
(297, 29, 61, 1,  '', '2015-01-21 10:22:25'),
(298, 29, 61, 1,  '', '2015-01-21 10:22:43'),
(299, 29, 60, 1,  '', '2015-01-21 10:22:44'),
(300, 29, 60, 1,  '', '2015-01-21 10:22:49'),
(301, 29, 62, 1,  '', '2015-01-21 10:22:51'),
(302, 29, 61, 1,  '', '2015-01-21 10:22:53'),
(303, 29, 60, 1,  '', '2015-01-21 10:22:54'),
(304, 29, 59, 1,  '', '2015-01-21 10:22:55'),
(305, 29, 58, 1,  '', '2015-01-21 10:22:55'),
(306, 29, 62, 1,  '', '2015-01-21 10:22:56'),
(307, 29, 63, 1,  '', '2015-01-21 10:33:09'),
(308, 29, NULL, 1,  '', '2015-01-21 10:33:29'),
(309, 29, NULL, 1,  '', '2015-01-21 10:33:51'),
(310, 29, 65, 1,  '', '2015-01-21 10:34:13'),
(311, 29, 66, 1,  '', '2015-01-21 10:34:27'),
(312, 29, 67, 1,  '', '2015-01-21 10:34:40'),
(313, 29, 68, 1,  '', '2015-01-21 10:34:55'),
(314, 29, 69, 1,  '', '2015-01-21 10:35:09'),
(315, 29, 70, 1,  '', '2015-01-21 10:38:49'),
(316, 29, 71, 1,  '', '2015-01-21 10:39:26'),
(317, 29, 72, 1,  '', '2015-01-21 10:40:43'),
(318, 29, 73, 1,  '', '2015-01-21 10:41:16'),
(319, 29, 73, 1,  '', '2015-01-21 10:41:25'),
(320, 29, 74, 1,  '', '2015-01-21 10:41:53'),
(321, 29, 75, 1,  '', '2015-01-21 10:42:30'),
(322, 29, 76, 1,  '', '2015-01-21 10:42:48'),
(323, 29, 75, 1,  '', '2015-01-21 10:42:52'),
(324, 29, 76, 1,  '', '2015-01-21 10:42:53'),
(325, 29, 75, 1,  '', '2015-01-21 10:42:55'),
(326, 29, 76, 1,  '', '2015-01-21 10:42:57'),
(327, 29, 77, 1,  '', '2015-01-21 10:43:15'),
(328, 29, 78, 1,  '', '2015-01-21 10:43:40'),
(329, 29, 78, 1,  '', '2015-01-21 10:43:58'),
(330, 29, 78, 1,  '', '2015-01-21 10:44:02'),
(331, 29, 78, 1,  '', '2015-01-21 10:44:12'),
(332, 29, 78, 1,  '', '2015-01-21 10:44:44'),
(333, 28, NULL, 2,  '::1',  '2015-01-21 10:45:06'),
(334, 29, 79, 1,  '', '2015-01-21 10:45:36'),
(335, 29, 79, 1,  '', '2015-01-21 10:45:45'),
(336, 29, 78, 1,  '', '2015-01-21 10:45:46'),
(337, 28, 80, 1,  '', '2015-01-21 10:45:48'),
(338, 29, 79, 1,  '', '2015-01-21 10:45:49'),
(339, 29, 79, 1,  '', '2015-01-21 10:45:57'),
(340, 29, 81, 1,  '', '2015-01-21 10:46:33'),
(341, 29, 82, 1,  '', '2015-01-21 10:47:05'),
(342, 29, 82, 1,  '', '2015-01-21 10:47:27'),
(343, 29, 82, 1,  '', '2015-01-21 10:47:29'),
(344, 29, 82, 1,  '', '2015-01-21 10:47:42'),
(345, 29, 83, 1,  '', '2015-01-21 10:48:22'),
(346, 29, 84, 1,  '', '2015-01-21 10:48:59'),
(347, 28, 80, 1,  '', '2015-01-21 10:49:27'),
(348, 29, 85, 1,  '', '2015-01-21 10:49:36'),
(349, 29, 86, 1,  '', '2015-01-21 10:49:54'),
(350, 29, 87, 1,  '', '2015-01-21 10:50:17'),
(351, 29, 88, 1,  '', '2015-01-21 10:50:51'),
(352, 29, 63, 1,  '', '2015-01-21 10:51:24'),
(353, 29, 63, 1,  '', '2015-01-21 10:51:48'),
(354, 29, 63, 1,  '', '2015-01-21 10:51:56'),
(355, 29, NULL, 1,  '', '2015-01-21 10:51:59'),
(356, 29, 63, 1,  '', '2015-01-21 10:52:03'),
(357, 29, 63, 1,  '', '2015-01-21 10:52:11'),
(358, 29, 63, 1,  '', '2015-01-21 10:52:31'),
(359, 29, 63, 1,  '', '2015-01-21 10:52:34'),
(360, 29, 63, 1,  '', '2015-01-21 10:52:52'),
(361, 29, 63, 1,  '', '2015-01-21 10:54:04'),
(362, 28, NULL, 2,  '10.0.0.9', '2015-01-21 10:56:00'),
(363, 29, 89, 1,  '', '2015-01-21 10:59:23'),
(364, 29, 89, 1,  '', '2015-01-21 10:59:37'),
(365, 28, 80, 1,  '', '2015-01-21 11:47:00'),
(366, 29, NULL, 2,  '10.0.0.14',  '2015-01-21 13:10:52'),
(367, 29, 89, 1,  '', '2015-01-21 13:11:04'),
(368, 29, 90, 1,  '', '2015-01-21 13:12:43'),
(369, 29, 91, 1,  '', '2015-01-21 13:14:27'),
(370, 29, 92, 1,  '', '2015-01-21 13:15:32'),
(371, 28, 80, 1,  '', '2015-01-21 13:16:59'),
(372, 29, 93, 1,  '', '2015-01-21 13:17:18'),
(373, 29, 94, 1,  '', '2015-01-21 13:18:01'),
(374, 29, 95, 1,  '', '2015-01-21 13:19:32'),
(375, 29, 96, 1,  '', '2015-01-21 13:20:09'),
(376, 29, 97, 1,  '', '2015-01-21 13:20:53'),
(377, 29, 97, 1,  '', '2015-01-21 13:21:09'),
(378, 29, 98, 1,  '', '2015-01-21 13:22:11'),
(379, 29, 99, 1,  '', '2015-01-21 13:22:39'),
(380, 29, 100,  1,  '', '2015-01-21 13:22:58'),
(381, 29, 101,  1,  '', '2015-01-21 13:24:41'),
(382, 29, 102,  1,  '', '2015-01-21 13:25:13'),
(383, 29, 103,  1,  '', '2015-01-21 13:26:40'),
(384, 29, 104,  1,  '', '2015-01-21 13:27:00'),
(385, 29, 105,  1,  '', '2015-01-21 13:27:30'),
(386, 29, 106,  1,  '', '2015-01-21 13:28:24'),
(387, 29, 107,  1,  '', '2015-01-21 13:29:17'),
(388, 29, 108,  1,  '', '2015-01-21 13:30:53'),
(389, 29, 108,  1,  '', '2015-01-21 13:31:01'),
(390, 29, 109,  1,  '', '2015-01-21 13:32:00'),
(391, 29, 110,  1,  '', '2015-01-21 13:32:22'),
(392, 29, 111,  1,  '', '2015-01-21 13:32:58'),
(393, 29, 111,  1,  '', '2015-01-21 13:33:04'),
(394, 29, 111,  1,  '', '2015-01-21 13:33:06'),
(395, 29, 111,  1,  '', '2015-01-21 13:33:13'),
(396, 29, 111,  1,  '', '2015-01-21 13:36:19'),
(397, 29, 111,  1,  '', '2015-01-21 13:36:22'),
(398, 29, 112,  1,  '', '2015-01-21 13:36:45'),
(399, 29, 113,  1,  '', '2015-01-21 13:37:23'),
(400, 29, 114,  1,  '', '2015-01-21 13:38:23'),
(401, 29, 115,  1,  '', '2015-01-21 13:39:31'),
(402, 29, 116,  1,  '', '2015-01-21 13:41:01'),
(403, 29, 117,  1,  '', '2015-01-21 13:41:31'),
(404, 29, 118,  1,  '', '2015-01-21 13:42:04'),
(405, 29, 119,  1,  '', '2015-01-21 13:42:26'),
(406, 29, 120,  1,  '', '2015-01-21 13:42:50'),
(407, 29, 121,  1,  '', '2015-01-21 13:44:20'),
(408, 29, 122,  1,  '', '2015-01-21 13:44:55'),
(409, 29, 123,  1,  '', '2015-01-21 13:46:02'),
(410, 29, 124,  1,  '', '2015-01-21 13:46:35'),
(411, 29, 125,  1,  '', '2015-01-21 13:47:07'),
(412, 29, 125,  1,  '', '2015-01-21 13:47:20'),
(413, 29, 125,  1,  '', '2015-01-21 13:47:26'),
(414, 29, 126,  1,  '', '2015-01-21 13:47:56'),
(415, 29, 127,  1,  '', '2015-01-21 13:48:27'),
(416, 29, 128,  1,  '', '2015-01-21 13:48:55'),
(417, 29, 128,  1,  '', '2015-01-21 13:49:18'),
(418, 29, 57, 1,  '', '2015-01-21 13:50:04'),
(419, 29, 55, 1,  '', '2015-01-21 13:51:08'),
(420, 29, 56, 1,  '', '2015-01-21 13:51:10'),
(421, 29, 53, 1,  '', '2015-01-21 13:52:24'),
(422, 29, 48, 1,  '', '2015-01-21 13:53:00'),
(423, 29, 49, 1,  '', '2015-01-21 13:53:02'),
(424, 29, 48, 1,  '', '2015-01-21 13:53:04'),
(425, 29, 49, 1,  '', '2015-01-21 13:53:08'),
(426, 28, 129,  1,  '', '2015-01-21 13:53:09'),
(427, 29, 48, 1,  '', '2015-01-21 13:53:10'),
(428, 29, 53, 1,  '', '2015-01-21 13:53:21'),
(429, 28, 129,  1,  '', '2015-01-21 13:53:44'),
(430, 28, 129,  1,  '', '2015-01-21 13:54:17'),
(431, 29, 61, 1,  '', '2015-01-21 13:54:19'),
(432, 29, 60, 1,  '', '2015-01-21 13:54:22'),
(433, 29, 59, 1,  '', '2015-01-21 13:54:23'),
(434, 29, 62, 1,  '', '2015-01-21 13:54:25'),
(435, 29, 58, 1,  '', '2015-01-21 13:54:26'),
(436, 29, 63, 1,  '', '2015-01-21 13:55:03'),
(437, 29, 63, 1,  '', '2015-01-21 13:55:26'),
(438, 29, 93, 1,  '', '2015-01-21 13:55:35'),
(439, 29, 77, 1,  '', '2015-01-21 13:56:00'),
(440, 28, 130,  1,  '', '2015-01-21 13:56:04'),
(441, 29, 77, 1,  '', '2015-01-21 13:56:09'),
(442, 29, 63, 1,  '', '2015-01-21 13:56:29'),
(443, 29, 65, 1,  '', '2015-01-21 13:56:31'),
(444, 29, 65, 1,  '', '2015-01-21 13:56:48'),
(445, 29, 65, 1,  '', '2015-01-21 13:56:59'),
(446, 29, 65, 1,  '', '2015-01-21 13:57:03'),
(447, 29, 66, 1,  '', '2015-01-21 13:57:04'),
(448, 29, 66, 1,  '', '2015-01-21 13:57:14'),
(449, 29, 67, 1,  '', '2015-01-21 13:57:16'),
(450, 29, 68, 1,  '', '2015-01-21 13:57:17'),
(451, 29, 68, 1,  '', '2015-01-21 13:57:28'),
(452, 29, 69, 1,  '', '2015-01-21 13:57:46'),
(453, 29, 70, 1,  '', '2015-01-21 13:57:48'),
(454, 29, 69, 1,  '', '2015-01-21 13:57:49'),
(455, 29, 75, 1,  '', '2015-01-21 13:57:59'),
(456, 28, 130,  1,  '', '2015-01-21 13:58:02'),
(457, 29, 75, 1,  '', '2015-01-21 13:58:08'),
(458, 29, 81, 1,  '', '2015-01-21 13:58:17'),
(459, 29, 81, 1,  '', '2015-01-21 13:58:25'),
(460, 29, 86, 1,  '', '2015-01-21 13:58:33'),
(461, 29, 86, 1,  '', '2015-01-21 13:58:43'),
(462, 29, 87, 1,  '', '2015-01-21 13:58:50'),
(463, 29, 88, 1,  '', '2015-01-21 13:58:52'),
(464, 29, 85, 1,  '', '2015-01-21 13:58:53'),
(465, 29, 84, 1,  '', '2015-01-21 13:58:54'),
(466, 29, 83, 1,  '', '2015-01-21 13:58:55'),
(467, 29, 82, 1,  '', '2015-01-21 13:58:55'),
(468, 29, 81, 1,  '', '2015-01-21 13:58:56'),
(469, 29, 82, 1,  '', '2015-01-21 13:58:58'),
(470, 29, 76, 1,  '', '2015-01-21 13:58:59'),
(471, 29, 75, 1,  '', '2015-01-21 13:59:00'),
(472, 29, 74, 1,  '', '2015-01-21 13:59:01'),
(473, 29, 73, 1,  '', '2015-01-21 13:59:02'),
(474, 29, 72, 1,  '', '2015-01-21 13:59:03'),
(475, 29, 71, 1,  '', '2015-01-21 13:59:03'),
(476, 29, 91, 1,  '', '2015-01-21 13:59:29'),
(477, 29, 92, 1,  '', '2015-01-21 13:59:31'),
(478, 29, 93, 1,  '', '2015-01-21 13:59:32'),
(479, 29, 94, 1,  '', '2015-01-21 13:59:33'),
(480, 29, 93, 1,  '', '2015-01-21 13:59:34'),
(481, 29, 93, 1,  '', '2015-01-21 14:00:05'),
(482, 28, 130,  1,  '', '2015-01-21 14:00:13'),
(483, 29, 93, 1,  '', '2015-01-21 14:00:27'),
(484, 29, 94, 1,  '', '2015-01-21 14:00:32'),
(485, 29, 94, 1,  '', '2015-01-21 14:00:39'),
(486, 29, 95, 1,  '', '2015-01-21 14:01:14'),
(487, 29, 95, 1,  '', '2015-01-21 14:01:21'),
(488, 29, 95, 1,  '', '2015-01-21 14:01:29'),
(489, 29, 95, 1,  '', '2015-01-21 14:01:31'),
(490, 29, 96, 1,  '', '2015-01-21 14:01:39'),
(491, 29, 97, 1,  '', '2015-01-21 14:01:41'),
(492, 29, 97, 1,  '', '2015-01-21 14:02:07'),
(493, 29, 97, 1,  '', '2015-01-21 14:02:16'),
(494, 29, 99, 1,  '', '2015-01-21 14:02:30'),
(495, 29, 99, 1,  '', '2015-01-21 14:02:36'),
(496, 29, 100,  1,  '', '2015-01-21 14:02:53'),
(497, 29, 100,  1,  '', '2015-01-21 14:03:00'),
(498, 29, 102,  1,  '', '2015-01-21 14:03:09'),
(499, 28, 130,  1,  '', '2015-01-21 14:03:11'),
(500, 29, 102,  1,  '', '2015-01-21 14:03:21'),
(501, 29, 104,  1,  '', '2015-01-21 14:03:31'),
(502, 29, 104,  1,  '', '2015-01-21 14:03:39'),
(503, 29, 111,  1,  '', '2015-01-21 14:03:53'),
(504, 29, 112,  1,  '', '2015-01-21 14:04:14'),
(505, 29, 113,  1,  '', '2015-01-21 14:04:16'),
(506, 29, 114,  1,  '', '2015-01-21 14:04:18'),
(507, 29, 115,  1,  '', '2015-01-21 14:04:19'),
(508, 29, 116,  1,  '', '2015-01-21 14:04:20'),
(509, 29, 117,  1,  '', '2015-01-21 14:04:21'),
(510, 29, 118,  1,  '', '2015-01-21 14:04:21'),
(511, 29, 119,  1,  '', '2015-01-21 14:04:23'),
(512, 29, 128,  1,  '', '2015-01-21 14:04:25'),
(513, 29, 128,  1,  '', '2015-01-21 14:04:32'),
(514, 28, 131,  1,  '', '2015-01-21 14:07:23'),
(515, 28, 131,  1,  '', '2015-01-21 14:08:50'),
(516, 28, 131,  1,  '', '2015-01-21 14:10:52'),
(517, 29, 132,  1,  '', '2015-01-21 14:13:59'),
(518, 29, 132,  1,  '', '2015-01-21 14:14:22'),
(519, 28, 133,  1,  '', '2015-01-21 14:16:18'),
(520, 28, 133,  1,  '', '2015-01-21 14:17:03'),
(521, 28, 133,  1,  '', '2015-01-21 14:17:17'),
(522, 28, 133,  1,  '', '2015-01-21 14:17:28'),
(523, 28, 133,  1,  '', '2015-01-21 14:17:34'),
(524, 29, 134,  1,  '', '2015-01-21 14:19:19'),
(525, 29, 135,  1,  '', '2015-01-21 14:19:33'),
(526, 28, 136,  1,  '', '2015-01-21 14:19:45'),
(527, 29, 137,  1,  '', '2015-01-21 14:19:46'),
(528, 29, 138,  1,  '', '2015-01-21 14:20:00'),
(529, 28, 136,  1,  '', '2015-01-21 14:20:35'),
(530, 29, 139,  1,  '', '2015-01-21 14:20:36'),
(531, 29, 140,  1,  '', '2015-01-21 14:20:52'),
(532, 28, 136,  1,  '', '2015-01-21 14:20:59'),
(533, 28, 136,  1,  '', '2015-01-21 14:21:38'),
(534, 29, 140,  1,  '', '2015-01-21 14:21:59'),
(535, 29, 141,  1,  '', '2015-01-21 14:22:14'),
(536, 29, 142,  1,  '', '2015-01-21 14:22:34'),
(537, 28, 136,  1,  '', '2015-01-21 14:22:42'),
(538, 29, 143,  1,  '', '2015-01-21 14:22:50'),
(539, 28, 136,  1,  '', '2015-01-21 14:23:24'),
(540, 28, 136,  1,  '', '2015-01-21 14:23:52'),
(541, 29, 144,  1,  '', '2015-01-21 14:24:26'),
(542, 29, 145,  1,  '', '2015-01-21 14:24:42'),
(543, 28, 146,  1,  '', '2015-01-21 14:25:00'),
(544, 29, 147,  1,  '', '2015-01-21 14:25:45'),
(545, 29, 132,  1,  '', '2015-01-21 14:26:03'),
(546, 29, 93, 1,  '', '2015-01-21 14:26:42'),
(547, 29, 96, 1,  '', '2015-01-21 14:26:42'),
(548, 29, 98, 1,  '', '2015-01-21 14:26:43'),
(549, 29, 92, 1,  '', '2015-01-21 14:26:55'),
(550, 29, 109,  1,  '', '2015-01-21 14:26:57'),
(551, 29, 113,  1,  '', '2015-01-21 14:26:57'),
(552, 29, 145,  1,  '', '2015-01-21 14:27:05'),
(553, 29, 148,  1,  '', '2015-01-21 14:28:22'),
(554, 29, 148,  1,  '', '2015-01-21 14:28:24'),
(555, 29, 149,  1,  '', '2015-01-21 14:29:15'),
(556, 29, 150,  1,  '', '2015-01-21 14:30:12'),
(557, 29, 148,  1,  '', '2015-01-21 14:30:37'),
(558, 29, 149,  1,  '', '2015-01-21 14:30:38'),
(559, 29, 150,  1,  '', '2015-01-21 14:30:40'),
(560, 29, 55, 1,  '', '2015-01-21 14:31:24'),
(561, 29, 56, 1,  '', '2015-01-21 14:31:31'),
(562, 29, 56, 1,  '', '2015-01-21 14:32:30'),
(563, 29, 56, 1,  '', '2015-01-21 14:32:47'),
(564, 28, 146,  1,  '', '2015-01-21 14:33:47'),
(565, 29, 56, 1,  '', '2015-01-21 14:33:59'),
(566, 29, NULL, 2,  '10.0.0.14',  '2015-01-21 14:34:21'),
(567, 29, 56, 1,  '', '2015-01-21 14:34:29'),
(568, 29, 56, 1,  '', '2015-01-21 14:35:34'),
(569, 29, 56, 1,  '', '2015-01-21 14:36:10'),
(570, 28, NULL, 2,  '10.0.0.5', '2015-01-21 19:23:44'),
(571, 28, 151,  1,  '', '2015-01-21 19:25:04'),
(572, 28, 151,  1,  '', '2015-01-21 19:26:24'),
(573, 28, 151,  1,  '', '2015-01-21 19:27:47'),
(574, 28, 151,  1,  '', '2015-01-21 19:27:54'),
(575, 28, 151,  1,  '', '2015-01-21 19:28:01'),
(576, 28, 151,  1,  '', '2015-01-21 19:28:23'),
(577, 28, 151,  1,  '', '2015-01-21 19:28:30'),
(578, 28, 152,  1,  '', '2015-01-21 20:28:32'),
(579, 28, 152,  1,  '', '2015-01-21 20:28:49'),
(580, 28, 152,  1,  '', '2015-01-21 20:29:10'),
(581, 28, 152,  1,  '', '2015-01-21 20:29:24'),
(582, 28, 152,  1,  '', '2015-01-21 20:30:03'),
(583, 28, 152,  1,  '', '2015-01-21 20:30:29'),
(584, 28, 152,  1,  '', '2015-01-21 20:32:03'),
(585, 28, 152,  1,  '', '2015-01-21 20:32:14'),
(586, 61, 44, 1,  '', '2015-01-21 20:34:49'),
(587, 28, 66, 1,  '', '2015-01-22 17:47:48'),
(588, 28, 63, 1,  '', '2015-01-22 17:47:50'),
(589, 62, NULL, 2,  '10.0.0.2', '2015-01-22 17:51:47'),
(590, 28, 55, 1,  '', '2015-01-22 17:55:09'),
(591, 28, 55, 1,  '', '2015-01-22 17:55:29'),
(592, 28, 63, 1,  '', '2015-01-22 17:56:07'),
(593, 28, NULL, 2,  '::1',  '2015-01-27 09:19:28'),
(594, 28, 152,  1,  '', '2015-01-27 09:19:40'),
(595, 28, 152,  1,  '', '2015-01-27 09:33:29'),
(596, 28, 129,  1,  '', '2015-01-27 09:34:23'),
(597, 28, 129,  1,  '', '2015-01-27 09:34:50'),
(598, 28, NULL, 2,  '::1',  '2015-01-29 11:38:31'),
(599, 28, 41, 1,  '', '2015-01-29 11:38:35'),
(600, 28, 42, 1,  '', '2015-01-29 11:38:59'),
(601, 28, NULL, 2,  '::1',  '2015-01-29 19:39:32'),
(602, 28, 129,  1,  '', '2015-01-29 20:03:46'),
(603, 28, NULL, 2,  '::1',  '2015-01-30 09:17:03'),
(604, 28, 44, 1,  '', '2015-01-30 09:17:14');

DROP TABLE IF EXISTS `news`;
CREATE TABLE `news` (
  `id` int(11) NOT NULL AUTO_INCREMENT,
  `created_at` timestamp NOT NULL DEFAULT CURRENT_TIMESTAMP ON UPDATE CURRENT_TIMESTAMP,
  `content` text COLLATE utf8_czech_ci,
  `user_id` int(11) DEFAULT NULL,
  PRIMARY KEY (`id`),
  KEY `IXFK_News_User` (`user_id`),
  CONSTRAINT `news_ibfk_1` FOREIGN KEY (`user_id`) REFERENCES `User` (`id`) ON DELETE SET NULL ON UPDATE CASCADE
) ENGINE=InnoDB DEFAULT CHARSET=utf8 COLLATE=utf8_czech_ci;

INSERT INTO `news` (`id`, `created_at`, `content`, `user_id`) VALUES
(2, '2015-01-16 19:06:18',  'Web je nemá ještě tvář, ale i tak je už velmi blízko nasazení.', 28),
(13,  '2015-01-19 19:21:03',  'Na web byl dokončen design a opraven maličkosti.', 28),
(16,  '2015-01-21 07:26:53',  'Design považuji za hotový. Teď jen znovu nahrát materiály....',  28),
(17,  '2015-01-21 10:45:13',  'nová novinka', 28),
(18,  '2015-01-21 20:33:14',  'Nahrány první předměty a témata z původního webu.',  28);

DROP TABLE IF EXISTS `privilege`;
CREATE TABLE `privilege` (
  `id` int(11) NOT NULL AUTO_INCREMENT,
  `name` varchar(63) COLLATE utf8_czech_ci NOT NULL,
  PRIMARY KEY (`id`)
) ENGINE=InnoDB DEFAULT CHARSET=utf8 COLLATE=utf8_czech_ci;

INSERT INTO `privilege` (`id`, `name`) VALUES
(1, 'read'),
(2, 'insert'),
(3, 'update'),
(4, 'delete'),
(5, 'use'),
(6, 'resetPassword'),
(7, 'block');

DROP TABLE IF EXISTS `resource`;
CREATE TABLE `resource` (
  `name` varchar(255) COLLATE utf8_czech_ci NOT NULL,
  `id` int(11) NOT NULL AUTO_INCREMENT,
  PRIMARY KEY (`id`)
) ENGINE=InnoDB DEFAULT CHARSET=utf8 COLLATE=utf8_czech_ci COMMENT='Resources of pages';

INSERT INTO `resource` (`name`, `id`) VALUES
('comentary', 1),
('topic', 2),
('usersgroups', 3),
('login', 4),
('attachement', 5),
('selfComentary', 6),
('selfTopic', 7),
('news',  8),
('acount',  9),
('initPassword',  10),
('subject', 11);

DROP TABLE IF EXISTS `role`;
CREATE TABLE `role` (
  `id` int(11) NOT NULL AUTO_INCREMENT,
  `name` varchar(50) COLLATE utf8_czech_ci NOT NULL,
  `role_id` int(11) DEFAULT NULL,
  `assignable` tinyint(4) NOT NULL DEFAULT '1' COMMENT 'Is assignable to an user account.',
  PRIMARY KEY (`id`),
  KEY `role_id` (`role_id`),
  CONSTRAINT `role_ibfk_2` FOREIGN KEY (`role_id`) REFERENCES `role` (`id`) ON DELETE CASCADE ON UPDATE CASCADE
) ENGINE=InnoDB DEFAULT CHARSET=utf8 COLLATE=utf8_czech_ci;

INSERT INTO `role` (`id`, `name`, `role_id`, `assignable`) VALUES
(1, 'Guest',  NULL, 0),
(2, 'Žák',  7,  1),
(4, 'Učitel', 2,  1),
(5, 'Admin',  4,  0),
(6, 'Zablokovaný účet', 1,  1),
(7, 'Prohlídka',  6,  1);

DROP TABLE IF EXISTS `Subject`;
CREATE TABLE `Subject` (
  `id` int(11) NOT NULL AUTO_INCREMENT,
  `shortcut` varchar(15) COLLATE utf8_czech_ci NOT NULL COMMENT 'Subject shortcut.',
  `name` varchar(127) COLLATE utf8_czech_ci NOT NULL COMMENT 'Subject full name.',
  `description` text COLLATE utf8_czech_ci,
  PRIMARY KEY (`id`),
  UNIQUE KEY `UQ_subject_shortcut` (`shortcut`)
) ENGINE=InnoDB DEFAULT CHARSET=utf8 COLLATE=utf8_czech_ci COMMENT='Table of school subject';

INSERT INTO `Subject` (`id`, `shortcut`, `name`, `description`) VALUES
(1, 'MAT',  'Matematika', '<p>Hr&aacute;tky s č&iacute;sly.</p>'),
(7, 'PEK',  'Písemná a elektronická korespondence', '<p>Psan&iacute; v&scaron;emi deseti, dopisy a tabulky.</p>'),
(8, 'CJL',  'Český jazyk',  ''),
(9, 'BANK', 'Bankovnictví', ''),
(10,  'DEJ',  'Dějepis',  '<p><strong>Minulost</strong> je term&iacute;n, kter&yacute; označuje soubor ud&aacute;lost&iacute;, kter&eacute; již proběhly. Minulost nen&iacute; ohraničena ani z jedn&eacute; strany: nemůžeme ř&iacute;ci, kdy začala, protože nev&iacute;me, kdy vznikl čas; stejně tak se neust&aacute;le posouv&aacute; jej&iacute; konec: chv&iacute;le, kdy jste dočetli tuto větu, je již minulost&iacute;. (V běžn&eacute;m užit&iacute; se v&scaron;ak i ned&aacute;vn&aacute; minulost označuje jako př&iacute;tomnost.) <br /><br />Zat&iacute;mco budoucnost je nezn&aacute;m&aacute;, minulost může b&yacute;t předmětem pozn&aacute;n&iacute;. Někter&eacute; směry modern&iacute; vědy měly či maj&iacute; za to, že na z&aacute;kladě dokonale objektivn&iacute;ho pozn&aacute;n&iacute; minulosti bude možno predikovat budoucnost; to by v&scaron;ak vyžadovalo striktn&iacute; determinismus a nikdo zat&iacute;m k takov&yacute;m předpověd&iacute;m nedospěl. To, co považujeme za minulost, je tak&eacute; z&aacute;visl&eacute; na paměti. Podle presentismu minulost ani budoucnost neexistuje: minulosti již nen&iacute;, budoucnost je&scaron;tě nen&iacute;: existuje tedy vždy jen př&iacute;tomnost. V historii lidstva se použ&iacute;v&aacute; dělen&iacute; na z&aacute;kladě převl&aacute;daj&iacute;c&iacute;ch kultur, např&iacute;klad antika. V geologii se použ&iacute;v&aacute; dělen&iacute; času geologick&eacute;.<br /><br /></p>\n<center>zdroj wikipedie</center>'),
(11,  'EKC',  'EKC',  ''),
(12,  'EKO',  'Ekonomika',  ''),
(13,  'MAR',  'Marketing',  ''),
(14,  'PZA',  'Přírodovědný základ',  '<p>Fyzika, Chemie, Ekologie a Bilogie člověka</p>');

DROP TABLE IF EXISTS `subject2grade`;
CREATE TABLE `subject2grade` (
  `id` int(11) NOT NULL AUTO_INCREMENT,
  `Subject_id` int(11) NOT NULL,
  `Grade_id` int(11) NOT NULL,
  PRIMARY KEY (`id`),
  KEY `IXFK_Subject2Grade_Subject` (`Subject_id`),
  KEY `IXFK_Subject2Grade_Grade` (`Grade_id`),
  CONSTRAINT `subject2grade_ibfk_4` FOREIGN KEY (`Subject_id`) REFERENCES `Subject` (`id`) ON DELETE CASCADE ON UPDATE CASCADE,
  CONSTRAINT `subject2grade_ibfk_5` FOREIGN KEY (`Grade_id`) REFERENCES `grade` (`id`) ON DELETE CASCADE ON UPDATE CASCADE
) ENGINE=InnoDB DEFAULT CHARSET=utf8 COLLATE=utf8_czech_ci;

INSERT INTO `subject2grade` (`id`, `Subject_id`, `Grade_id`) VALUES
(1, 1,  1),
(12,  1,  2),
(13,  1,  3),
(21,  1,  4),
(25,  7,  1),
(26,  7,  2),
(27,  7,  3),
(28,  8,  1),
(29,  8,  2),
(30,  8,  3),
(31,  8,  4),
(32,  9,  4),
(33,  1,  5),
(34,  10, 1),
(35,  10, 2),
(36,  10, 6),
(37,  11, 1),
(38,  12, 1),
(39,  12, 2),
(40,  12, 3),
(41,  13, 3),
(42,  14, 1),
(43,  14, 2);

DROP TABLE IF EXISTS `topic`;
CREATE TABLE `topic` (
  `id` int(11) NOT NULL AUTO_INCREMENT,
  `name` varchar(127) COLLATE utf8_czech_ci NOT NULL,
  `created_at` timestamp NOT NULL DEFAULT CURRENT_TIMESTAMP,
  `subject2grade_id` int(11) DEFAULT NULL,
  `user_id` int(11) DEFAULT NULL,
  `anotation` text COLLATE utf8_czech_ci,
  `content` text COLLATE utf8_czech_ci,
  `enableDiscussion` tinyint(4) NOT NULL DEFAULT '1',
  PRIMARY KEY (`id`),
  KEY `subject2grade_id` (`subject2grade_id`),
  KEY `user_id` (`user_id`),
  CONSTRAINT `topic_ibfk_2` FOREIGN KEY (`subject2grade_id`) REFERENCES `subject2grade` (`id`) ON DELETE SET NULL ON UPDATE CASCADE,
  CONSTRAINT `topic_ibfk_3` FOREIGN KEY (`user_id`) REFERENCES `user` (`id`) ON DELETE SET NULL ON UPDATE CASCADE
) ENGINE=InnoDB DEFAULT CHARSET=utf8 COLLATE=utf8_czech_ci;

INSERT INTO `topic` (`id`, `name`, `created_at`, `subject2grade_id`, `user_id`, `anotation`, `content`, `enableDiscussion`) VALUES
(41,  'Osnova pro čtenářský deník', '2015-01-21 07:47:56',  28, 29, '', '', 1),
(42,  'Seznam četby pro 1. ročník', '2015-01-21 07:52:52',  28, 29, '', '', 1),
(43,  'Středověká literatura',  '2015-01-21 07:55:00',  28, 29, '', '', 1),
(44,  'Osnova pro čtenářský deník', '2015-01-21 07:59:16',  29, 29, '', '', 1),
(45,  'Seznam četby 2. ročník', '2015-01-21 08:00:00',  29, 29, '', '', 1),
(46,  'Osnova pro čtenářský deník', '2015-01-21 08:02:47',  30, 29, '', '', 1),
(47,  'Osnova pro rozbor - Slezské písně',  '2015-01-21 08:26:06',  30, 29, '', '', 1),
(48,  'Pracovní listy', '2015-01-21 08:51:04',  31, 29, '', '', 1),
(49,  'Rozbory',  '2015-01-21 08:58:18',  31, 29, '<p>Rozbory uměleck&eacute;ho a neuměleck&eacute;ho textu</p>', '', 1),
(50,  'Slohové útvary - shrnutí', '2015-01-21 09:02:13',  31, 29, '', '', 1),
(51,  'Struktura ústní zkoušky',  '2015-01-21 09:03:01',  31, 29, '', '', 1),
(52,  'Stylistika - základní pojmy',  '2015-01-21 09:03:34',  31, 29, '', '', 1),
(53,  'Poezie po roce 1945',  '2015-01-21 09:05:03',  31, 29, '', '', 1),
(54,  'Osnova pro čtenářský deník', '2015-01-21 09:26:47',  31, 29, '', '', 1),
(55,  'DUM',  '2015-01-21 09:50:24',  32, 29, '', '<p>Digit&aacute;ln&iacute; učebn&iacute; materi&aacute;ly k v&yacute;uce naleznete na adrese:<br /><a href=\"http://www.oalysa.cz/?ms=1&amp;id=89\" target=\"_blank\">http://www.oalysa.cz/?ms=1&amp;id=89</a></p>', 1),
(56,  'Učebnice', '2015-01-21 09:52:16',  32, 29, '', '', 1),
(57,  'Materiály',  '2015-01-21 10:10:55',  33, 29, '', '', 1),
(58,  'Absolutismus a parlamentarismus',  '2015-01-21 10:14:27',  34, 29, '', '', 1),
(59,  'Křížové výpravy',  '2015-01-21 10:14:46',  34, 29, '', '', 1),
(60,  'Staroorientální despocie', '2015-01-21 10:15:08',  34, 29, '', '', 1),
(61,  'Starověké Řecko',  '2015-01-21 10:17:22',  34, 29, '', '', 1),
(62,  'Středověk',  '2015-01-21 10:21:31',  34, 29, '', '', 1),
(63,  'Československo ve 20. letech', '2015-01-21 10:33:09',  35, 29, '', '', 1),
(65,  'Československo za 1. světové války', '2015-01-21 10:34:13',  35, 29, '', '', 1),
(66,  'Druhá světová válka',  '2015-01-21 10:34:27',  35, 29, '', '', 1),
(67,  'Ekonomické a sociální teorie', '2015-01-21 10:34:40',  35, 29, '', '', 1),
(68,  'Fašismus', '2015-01-21 10:34:55',  35, 29, '', '', 1),
(69,  'Hospodářské dějiny 1918-38', '2015-01-21 10:35:09',  35, 29, '', '', 1),
(70,  'Hospodářské dějiny 1938-45', '2015-01-21 10:38:49',  35, 29, '', '', 1),
(71,  'Klasicismus a secese', '2015-01-21 10:39:26',  35, 29, '', '', 1),
(72,  'Koloniální expanze', '2015-01-21 10:40:43',  35, 29, '', '', 1),
(73,  'Komunismus', '2015-01-21 10:41:16',  35, 29, '', '', 1),
(74,  'Košický vládní program a znárodňovací dekrety',  '2015-01-21 10:41:52',  35, 29, '', '', 1),
(75,  'Mezinárodní vztahy 20. a 30. let', '2015-01-21 10:42:30',  35, 29, '', '', 1),
(76,  'Mezinárodní vztahy v předvečer války', '2015-01-21 10:42:48',  35, 29, '', '', 1),
(77,  'Nacismus', '2015-01-21 10:43:15',  35, 29, '', '', 1),
(78,  'Národní obrození', '2015-01-21 10:43:40',  35, 29, '', '', 1),
(79,  'Pád carismu',  '2015-01-21 10:45:36',  35, 29, '', '', 1),
(80,  'bagr', '2015-01-21 10:45:48',  25, 28, '<p>bagr bagruje bagrem</p>', '', 1),
(81,  'Poválečná obnova československého hospodářství', '2015-01-21 10:46:33',  35, 29, '', '', 1),
(82,  'Průmyslová revoluce',  '2015-01-21 10:47:05',  35, 29, '', '', 1),
(83,  'Ruské revoluce', '2015-01-21 10:48:22',  35, 29, '', '', 1),
(84,  'Společnost a národy',  '2015-01-21 10:48:59',  35, 29, '', '', 1),
(85,  'Společnost národů, Panevropa', '2015-01-21 10:49:36',  35, 29, '', '', 1),
(86,  'Versailleský systém',  '2015-01-21 10:49:54',  35, 29, '', '', 1),
(87,  'Vznik Německa a Itálie', '2015-01-21 10:50:17',  35, 29, '', '', 1),
(88,  'Život v Mladé Boleslavi v době hospodářské krize', '2015-01-21 10:50:51',  35, 29, '', '', 1),
(89,  'Absolutismus a parlamentarismus',  '2015-01-21 10:59:23',  36, 29, '', '', 1),
(90,  'Baroko', '2015-01-21 13:12:43',  36, 29, '', '', 1),
(91,  'Československo 1945-48', '2015-01-21 13:14:27',  36, 29, '', '', 1),
(92,  'Československo 50. léta - 1989', '2015-01-21 13:15:32',  36, 29, '', '', 1),
(93,  'Československo ve 20. letech', '2015-01-21 13:17:18',  36, 29, '', '', 1),
(94,  'Československo ve 30. letech', '2015-01-21 13:18:01',  36, 29, '', '', 1),
(95,  'Československo za 1. světové války', '2015-01-21 13:19:32',  36, 29, '', '', 1),
(96,  'Druhá československá republika', '2015-01-21 13:20:09',  36, 29, '', '', 1),
(97,  'Druhá světová válka',  '2015-01-21 13:20:53',  36, 29, '', '', 1),
(98,  'Ekonomické a sociální teorie', '2015-01-21 13:22:11',  36, 29, '', '', 1),
(99,  'Gotika', '2015-01-21 13:22:39',  36, 29, '', '', 1),
(100, 'Italský fašismus', '2015-01-21 13:22:58',  36, 29, '', '', 1),
(101, 'Jagellonci a Habsburkové', '2015-01-21 13:24:40',  36, 29, '', '', 1),
(102, 'Judaismus, křesťanství', '2015-01-21 13:25:13',  36, 29, '', '', 1),
(103, 'Komunismus', '2015-01-21 13:26:40',  36, 29, '', '', 1),
(104, 'Mnichovská dohoda',  '2015-01-21 13:27:00',  36, 29, '', '', 1),
(105, 'Modernizovaná společnost', '2015-01-21 13:27:30',  36, 29, '', '', 1),
(106, 'Nacismus', '2015-01-21 13:28:24',  36, 29, '', '', 1),
(107, 'Národní obrození', '2015-01-21 13:29:17',  36, 29, '', '', 1),
(108, 'Osnovy maturita',  '2015-01-21 13:30:52',  36, 29, '', '', 1),
(109, 'Osvícenství a osvícenský absolutismus',  '2015-01-21 13:32:00',  36, 29, '', '', 1),
(110, 'Poválečný svět', '2015-01-21 13:32:22',  36, 29, '', '', 1),
(111, 'Protektorát Čechy a Morava', '2015-01-21 13:32:58',  36, 29, '', '', 1),
(112, 'Průmyslová revoluce',  '2015-01-21 13:36:45',  36, 29, '', '', 1),
(113, 'První Přemyslovci',  '2015-01-21 13:37:23',  36, 29, '', '', 1),
(114, 'První světová válka',  '2015-01-21 13:38:23',  36, 29, '', '', 1),
(115, 'Reformace a protireformace', '2015-01-21 13:39:31',  36, 29, '', '', 1),
(116, 'Renesance a humanismus', '2015-01-21 13:41:01',  36, 29, '', '', 1),
(117, 'Revoluce 1848/49', '2015-01-21 13:41:31',  36, 29, '', '', 1),
(118, 'Romantismus, realismus, biedermeier',  '2015-01-21 13:42:04',  36, 29, '', '', 1),
(119, 'Ruské revoluce', '2015-01-21 13:42:26',  36, 29, '', '', 1),
(120, 'Secese', '2015-01-21 13:42:50',  36, 29, '', '', 1),
(121, 'Staroorientální despocie', '2015-01-21 13:44:20',  36, 29, '', '', 1),
(122, 'Starověké Řecko',  '2015-01-21 13:44:55',  36, 29, '', '', 1),
(123, 'Starověký Řím',  '2015-01-21 13:46:02',  36, 29, '', '', 1),
(124, 'Středověk',  '2015-01-21 13:46:35',  36, 29, '', '', 1),
(125, 'Velká francouzská revoluce', '2015-01-21 13:47:06',  36, 29, '', '', 1),
(126, 'Versailleská konference',  '2015-01-21 13:47:56',  36, 29, '', '', 1),
(127, 'Vznik USA',  '2015-01-21 13:48:27',  36, 29, '', '', 1),
(128, 'Zámořské objevy',  '2015-01-21 13:48:55',  36, 29, '', '', 1),
(129, 'Algebraické výrazy', '2015-01-21 13:53:09',  1,  28, '<p>Algebra, mnohočleny.</p>',  '<p>Algebra je odvětv&iacute; matematiky zab&yacute;vaj&iacute;c&iacute; se abstraktn&iacute;mi pojmy struktury (nějak&eacute;ho objektu) a vztahů (mezi nějak&yacute;mi objekty). Jej&iacute; v&yacute;sledky maj&iacute; v&yacute;znamn&eacute; uplatněn&iacute; nejen v samotn&eacute; matematice, ale tak&eacute; ve fyzice (teorie grup) nebo v nejrůzněj&scaron;&iacute;ch technick&yacute;ch oborech. Veřejnosti je pod pojmem algebra zn&aacute;ma takzvan&aacute; element&aacute;rn&iacute; algebra, což je č&aacute;st algebry zab&yacute;vaj&iacute;c&iacute; se ře&scaron;en&iacute;m (předev&scaron;&iacute;m polynomi&aacute;ln&iacute;ch) rovnic a jejich soustav.</p>', 1),
(130, 'Logika', '2015-01-21 13:56:04',  1,  28, '<p>Logika, absolutn&iacute; hodnota, v&yacute;roky</p>', '<p>Matematick&aacute; logika je vědn&iacute; discipl&iacute;na nach&aacute;zej&iacute;c&iacute; se na rozhran&iacute; mezi logikou a matematikou. Zab&yacute;v&aacute; se zkoum&aacute;n&iacute;m, formalizov&aacute;n&iacute;m a matematizov&aacute;n&iacute;m zejm&eacute;na těch oblast&iacute; logiky, na jejichž z&aacute;kladech je postavena matematika. V centru jej&iacute;ho z&aacute;jmu jsou pojmy jako důkaz, teorie, axiomatizace, model, bezespornost, &uacute;plnost, rozhodnutelnost.</p>', 1),
(131, 'Množiny',  '2015-01-21 14:07:22',  1,  28, '<p>Intervaly, množiny, Vennovy diagramy</p>',  '<p>Množina&nbsp;je soubor objektů, ch&aacute;pan&yacute; jako celek. Objekty množiny se naz&yacute;vaj&iacute;&nbsp;prvky množiny. Charakterizuj&iacute;c&iacute; vlastnost množiny je, že je jednoznačně určena sv&yacute;mi prvky (ale nev&scaron;&iacute;m&aacute; si jejich pořad&iacute; ani ž&aacute;dn&eacute; dal&scaron;&iacute; struktury). Množina, neobsahuj&iacute;c&iacute; ž&aacute;dn&eacute;&nbsp;prvky&nbsp;se naz&yacute;v&aacute;&nbsp;pr&aacute;zdn&aacute; množina. V&nbsp;matematice&nbsp;existuje abstraktn&iacute;&nbsp;teorie množin, zkoumaj&iacute;c&iacute; množiny z form&aacute;ln&iacute;ho hlediska.</p>',  1),
(132, 'Poměry', '2015-01-21 14:13:59',  37, 29, '', '', 1),
(133, 'Mocniny',  '2015-01-21 14:16:18',  1,  28, '<p>Umocňov&aacute;n&iacute; je matematick&aacute; funkce, kter&aacute; vyjadřuje opakovan&eacute; n&aacute;soben&iacute;.</p>',  '<p>Umocňov&aacute;n&iacute; je matematick&aacute; funkce, kter&aacute; vyjadřuje opakovan&eacute; n&aacute;soben&iacute;. Umocňov&aacute;n&iacute; je k n&aacute;soben&iacute; v podobn&eacute;m vztahu, v jak&eacute;m je samo n&aacute;soben&iacute; ke sč&iacute;t&aacute;n&iacute;. Umocňov&aacute;n&iacute; slouž&iacute; ke zkr&aacute;cen&eacute;mu z&aacute;pisu v&iacute;cen&aacute;sobn&eacute;ho n&aacute;soben&iacute;.</p>',  1),
(134, 'Podstata tržní ekonomiky', '2015-01-21 14:19:19',  38, 29, '', '', 1),
(135, 'Organizace, podnik, podnikání',  '2015-01-21 14:19:33',  38, 29, '', '', 1),
(136, 'Planimetrie',  '2015-01-21 14:19:45',  1,  28, '<p>Planimetrie je č&aacute;st geometrie pojedn&aacute;vaj&iacute;c&iacute; o vz&aacute;jemn&yacute;ch vztaz&iacute;ch a vzd&aacute;lenostech rovinn&yacute;ch geometrick&yacute;ch &uacute;tvarů, tj. geometrick&yacute;ch &uacute;tvarů, kter&eacute; jsou č&aacute;st&iacute; dvourozměrn&eacute; roviny.</p>',  '<p>Planimetrie je č&aacute;st geometrie pojedn&aacute;vaj&iacute;c&iacute; o vz&aacute;jemn&yacute;ch vztaz&iacute;ch a vzd&aacute;lenostech rovinn&yacute;ch geometrick&yacute;ch &uacute;tvarů, tj. geometrick&yacute;ch &uacute;tvarů, kter&eacute; jsou č&aacute;st&iacute; dvourozměrn&eacute; roviny.<br />Z&aacute;kladn&iacute;mi pojmy jsou bod a př&iacute;mka. Množiny bodů se naz&yacute;vaj&iacute; geometrick&eacute; &uacute;tvary. Mezi geometrick&eacute; &uacute;tvary patř&iacute; rovinn&eacute; křivky např. kuželosečky &ndash; parabola, hyperbola, kružnice, elipsa. Uzavřen&eacute; souvisl&eacute; &uacute;tvary se označuj&iacute; jako obrazce (např. kruh, čtverec...).</p>', 1),
(137, 'Management', '2015-01-21 14:19:46',  38, 29, '', '', 1),
(138, 'Marketing',  '2015-01-21 14:20:00',  38, 29, '', '', 1),
(139, 'Oběžný majetek', '2015-01-21 14:20:36',  38, 29, '', '', 1),
(140, 'Dlouhodobý majetek', '2015-01-21 14:20:52',  38, 29, '', '', 1),
(141, 'Zaměstnanci',  '2015-01-21 14:22:14',  38, 29, '', '', 1),
(142, 'Hlavní činnosti podniku',  '2015-01-21 14:22:34',  38, 29, '', '', 1),
(143, 'Finanční hospodaření podniku', '2015-01-21 14:22:50',  38, 29, '', '', 1),
(144, 'Marketing',  '2015-01-21 14:24:26',  39, 29, '', '', 1),
(145, 'Zásobování', '2015-01-21 14:24:42',  39, 29, '', '', 1),
(146, 'Iracionální rovnice',  '2015-01-21 14:25:00',  1,  28, '<p>Iracion&aacute;ln&iacute; rovnice jsou takov&eacute; rovnice, jejichž ře&scaron;en&iacute; vede k iracion&aacute;ln&iacute;m kořenům.</p>', '<p>Iracion&aacute;ln&iacute; rovnice jsou takov&eacute; rovnice, jejichž ře&scaron;en&iacute; vede k iracion&aacute;ln&iacute;m kořenům.<br />V matematice je iracion&aacute;ln&iacute; č&iacute;slo každ&eacute; re&aacute;ln&eacute; č&iacute;slo, kter&eacute; nen&iacute; racion&aacute;ln&iacute;m č&iacute;slem, tedy takov&eacute;, kter&eacute; nelze vyj&aacute;dřit ve tvaru zlomku, tzn. nelze jej zapsat jako pod&iacute;l dvou cel&yacute;ch č&iacute;sel:&nbsp;<strong>a/b</strong>&nbsp;<em>(kde&nbsp;<span style=\"text-decoration: underline;\">a</span>&nbsp;a&nbsp;<span style=\"text-decoration: underline;\">b</span>&nbsp;jsou cel&aacute; č&iacute;sla a&nbsp;<span style=\"text-decoration: underline;\">b</span>&nbsp;nen&iacute; nula. Iracion&aacute;ln&iacute; č&iacute;slo m&aacute; neukončen&yacute; a neperiodick&yacute; desetinn&yacute; rozvoj)</em>.</p>\n<p style=\"text-align: right;\">--zdroj Wikipedia</p>',  1),
(147, 'Financování podniku',  '2015-01-21 14:25:45',  40, 29, '', '', 1),
(148, 'DUM',  '2015-01-21 14:28:22',  41, 29, '', '<p>Digit&aacute;ln&iacute; učebn&iacute; materi&aacute;ly k v&yacute;uce naleznete na adrese:<br /><a href=\"http://www.oalysa.cz/?ms=1&amp;id=89\" target=\"_blank\">http://www.oalysa.cz/?ms=1&amp;id=89</a></p>', 1),
(149, 'Historie výrobku', '2015-01-21 14:29:15',  41, 29, '', '', 1),
(150, 'Seminární práce',  '2015-01-21 14:30:12',  41, 29, '', '', 1),
(151, 'Kvadratická nerovnice',  '2015-01-21 19:25:04',  1,  28, '<p>Jako kvadratick&aacute; nerovnice se v matematice označuje algebraick&aacute; nerovnice druh&eacute;ho stupně, tzn. nerovnice o jedn&eacute; nezn&aacute;m&eacute;, ve kter&eacute; nezn&aacute;m&aacute; vystupuje ve druh&eacute; mocnině (x&sup2;).</p>',  '', 1),
(152, 'Žákovské prezentace',  '2015-01-21 20:28:32',  42, 28, '', '', 1);

DROP TABLE IF EXISTS `user`;
CREATE TABLE `user` (
  `id` int(11) NOT NULL AUTO_INCREMENT,
  `username` varchar(63) COLLATE utf8_czech_ci DEFAULT NULL,
  `password` varchar(255) COLLATE utf8_czech_ci DEFAULT NULL COMMENT 'hash(password)',
  `name` varchar(127) COLLATE utf8_czech_ci DEFAULT NULL,
  `email` varchar(127) COLLATE utf8_czech_ci DEFAULT NULL,
  `role_id` int(11) DEFAULT NULL,
  `grade_id` int(11) DEFAULT NULL,
  `activate` tinyint(4) NOT NULL DEFAULT '0' COMMENT 'active account can be logged in',
  PRIMARY KEY (`id`),
  UNIQUE KEY `UQ_User_login` (`username`),
  KEY `IXFK_User_Role` (`role_id`),
  KEY `grade_id` (`grade_id`),
  CONSTRAINT `user_ibfk_1` FOREIGN KEY (`role_id`) REFERENCES `role` (`id`) ON DELETE SET NULL ON UPDATE CASCADE,
  CONSTRAINT `user_ibfk_2` FOREIGN KEY (`grade_id`) REFERENCES `grade` (`id`) ON DELETE SET NULL
) ENGINE=InnoDB DEFAULT CHARSET=utf8 COLLATE=utf8_czech_ci;

INSERT INTO `user` (`id`, `username`, `password`, `name`, `email`, `role_id`, `grade_id`, `activate`) VALUES
(2, 'admin',  '$2y$10$kI9ykVyWDW.slvwpcK//vuY3vhstkZUwAotRzMNxsQqcP07xWWNka', 'Administrátor',  'admin@oalysa.cz',  5,  NULL, 1),
(3, 'blocked',  '$2y$10$4d5x44vMU9KtK3cvQjqsQ.NpSEroOBNRxTb3PnANp7SMw9aHYYudm', 'Zablokovaný účet', 'blocked@user.com', 6,  1,  1),
(6, 'ucitel', '$2y$10$4d5x44vMU9KtK3cvQjqsQ.NpSEroOBNRxTb3PnANp7SMw9aHYYudm', 'Pan Garison',  'ucitel@test.com',  4,  NULL, 1),
(28,  'vml',  '$2y$10$5/3VJ0tjpOaQEx/pn9G1Su/yYNsX7xIA4j3olVXy6WNOQ7lK85VJq', 'Mlázovský Vladimír', 'vml@seznam.cz',  5,  NULL, 1),
(29,  'cjmikey',  '$2y$10$fpDOtzOO.uCeRWw2vtzRY.fo9z0EFEIGwrjztVxgcrWg9UdeGE0LS', 'Frank Michal', '', 5,  NULL, 1),
(57,  'zak',  '$2y$10$hH4NZ1rrUKr1F1.v.xyn9uXxditbO8h2NJN2pUCFX.PegrK2d58rO', 'zak',  '', 2,  NULL, 1),
(59,  'jarkovskyj', '8Sln6',  'Jarkovský Josef',  '', 2,  2,  1),
(60,  'malinskyo',  '.h9G2',  'Malínský Ondřej',  '', 2,  3,  1),
(61,  'radkam', '$2y$10$CeqIF8w8uuyAwRtKTk.y0OHnzt4JDGnIxWCxCLXWVkK.cHoVFvwha', 'Mlázovská Radka',  'radmla@centrum.cz',  5,  NULL, 1),
(62,  'olach',  '$2y$10$ro52QlYi8txJSaAmbTQa.ejdxczPmlLRCYOlayTtp6/C1zwAFNWQS', 'olach',  'olach@zolachova.com',  2,  2,  1);

DROP TABLE IF EXISTS `User2UsersGroup`;
CREATE TABLE `User2UsersGroup` (
  `id` int(11) NOT NULL AUTO_INCREMENT,
  `UsersGroup_id` int(11) NOT NULL,
  `User_id` int(11) NOT NULL,
  PRIMARY KEY (`id`),
  KEY `IXFK_User2UsersGroup_User` (`User_id`),
  KEY `IXFK_User2UsersGroup_UsersGroup` (`UsersGroup_id`),
  CONSTRAINT `user2usersgroup_ibfk_1` FOREIGN KEY (`User_id`) REFERENCES `Action` (`id`) ON DELETE CASCADE ON UPDATE CASCADE,
  CONSTRAINT `user2usersgroup_ibfk_2` FOREIGN KEY (`UsersGroup_id`) REFERENCES `UsersGroup` (`id`) ON DELETE CASCADE ON UPDATE CASCADE
) ENGINE=InnoDB DEFAULT CHARSET=utf8 COLLATE=utf8_czech_ci COMMENT='Decomposition of Users in UsersGroups.';


DROP TABLE IF EXISTS `UsersGroup`;
CREATE TABLE `UsersGroup` (
  `id` int(11) NOT NULL AUTO_INCREMENT,
  `name` varchar(127) COLLATE utf8_czech_ci NOT NULL,
  PRIMARY KEY (`id`)
) ENGINE=InnoDB DEFAULT CHARSET=utf8 COLLATE=utf8_czech_ci;


-- 2015-02-01 20:53:32